addr,status,reason
64,stubbed,"callee-cfg 64 ('unmapped', 70)"
76,lifted,walk (proto-run)
100,lifted,walk (proto-run)
124,lifted,walk (proto-run)
796,skip,already-lib
944,skip,already-lib
980,lifted,walk (proto-run)
992,skip,already-lib
1052,lifted,walk (proto-run)
1104,lifted,walk (proto-run)
1248,skip,already-lib
1394,lifted,walk (proto-run)
1456,lifted,walk (proto-run)
1572,skip,already-lib
1590,skip,already-lib
1736,lifted,walk (proto-run)
1984,lifted,cfg
2054,lifted,cfg
2172,lifted,cfg
2228,lifted,walk
2232,lifted,cfg
2252,skip,already-lib
2294,skip,already-lib
2556,lifted,cfg
2766,skip,already-lib
4104,lifted,cfg
4152,skip,already-lib
4240,stubbed,"callee-cfg 4240 ('unmapped', 4246)"
4252,lifted,walk
4350,skip,already-lib
4432,lifted,walk
4482,lifted,walk
4548,lifted,walk
4556,lifted,walk
4602,skip,already-lib
4700,lifted,walk
4722,lifted,walk
4760,lifted,walk
4770,lifted,walk
4964,lifted,walk
4984,lifted,cfg
5140,merged,round 6: midfunc entry merged into parent (parent continuation); lib emitted; emu raises NotImplementedError at entry (garbage pr) -> test skipped=1
5452,lifted,cfg
5542,lifted,cfg
5668,lifted,cfg
5716,lifted,cfg
5852,lifted,walk
5898,lifted,cfg
6004,lifted,cfg
6128,lifted,cfg
6232,lifted,cfg
6522,lifted,cfg
6606,lifted,cfg
6736,lifted,cfg
6848,lifted,walk
6870,lifted,cfg
7172,lifted,cfg
7472,lifted,cfg
7544,lifted,cfg
7732,lifted,walk
7756,lifted,walk
7794,lifted,walk
7828,skip,already-lib
7858,skip,already-lib
7888,skip,already-lib
8098,lifted,walk
8124,skip,already-lib
8162,lifted,cfg
8244,skip,already-lib
8260,skip,already-lib
8276,skip,already-lib
8292,skip,already-lib
8296,skip,already-lib
8364,skip,already-lib
8388,skip,already-lib
8412,skip,already-lib
8480,skip,already-lib
8508,skip,already-lib
8536,lifted,cfg
8964,skip,already-lib
8988,skip,already-lib
9116,skip,already-lib
9136,skip,already-lib
9180,skip,already-lib
9188,skip,already-lib
9204,skip,already-lib
9220,skip,already-lib
9248,skip,already-lib
9264,skip,already-lib
9280,skip,already-lib
9312,skip,already-lib
9336,skip,already-lib
9360,skip,already-lib
9408,skip,already-lib
9424,skip,already-lib
9472,skip,already-lib
9488,skip,already-lib
9532,skip,already-lib
9580,skip,already-lib
9624,skip,already-lib
9672,skip,already-lib
9716,skip,already-lib
9764,lifted,cfg
9816,lifted,cfg
9848,lifted,cfg
9872,lifted,cfg
9904,lifted,cfg
9936,lifted,cfg
9972,lifted,cfg
10000,lifted,walk
10024,lifted,walk
10048,lifted,walk
10072,lifted,walk
10096,lifted,walk
10120,lifted,walk
10144,lifted,walk
10168,lifted,walk
10192,lifted,walk
10216,lifted,walk
10552,lifted,walk
10624,lifted,walk
10720,lifted,walk
11032,lifted,walk
11224,lifted,walk
11344,lifted,walk
12064,lifted,walk
12232,lifted,walk
12784,lifted,walk
12832,lifted,walk
12856,lifted,cfg
12928,lifted,cfg
13238,stubbed,"callee-cfg 13238 ('unmapped', 13240)"
13456,lifted,cfg
13704,lifted,walk
13772,skip,already-lib
13806,skip,already-lib
13840,lifted,cfg
14036,lifted,cfg
14172,lifted,cfg
14420,lifted,cfg
14624,skip,already-lib
14644,skip,already-lib
14676,lifted,walk
14692,lifted,cfg
14778,lifted,cfg
14888,lifted,cfg
15040,lifted,cfg
15064,skip,already-lib
15348,skip,already-lib
15402,lifted,cfg
15464,lifted,walk
15488,lifted,cfg
15704,skip,already-lib
15788,lifted,walk
15792,lifted,cfg
15888,lifted,cfg
16064,lifted,walk
16144,lifted,cfg
16264,lifted,walk
16268,lifted,walk
16272,lifted,walk
16284,lifted,walk
16296,lifted,walk
16304,lifted,cfg
16360,lifted,cfg
16540,skip,already-lib
16708,skip,already-lib
16908,lifted,cfg
16920,lifted,cfg
17072,skip,already-lib
17160,lifted,cfg
17352,lifted,cfg
17632,lifted,cfg
18042,lifted,walk
18124,skip,already-lib
18240,lifted,cfg
18450,stubbed,"callee-cfg 18450 ('midfunc_nop', 18450)"
18460,lifted,cfg
18632,lifted,cfg
19300,lifted,cfg
19324,lifted,walk
19332,lifted,cfg
19356,lifted,walk
19380,lifted,walk
19388,skip,already-lib
19404,lifted,walk
19412,lifted,walk
19428,lifted,walk
19476,skip,already-lib
19568,lifted,walk
19574,lifted,cfg
19578,lifted,walk
19584,skip,already-lib
19638,lifted,cfg
19696,skip,already-lib
19758,lifted,cfg
19946,lifted,walk
19950,lifted,walk
19974,lifted,walk
19978,lifted,walk
19982,lifted,walk
19986,lifted,walk
20076,lifted,walk
20224,lifted,walk
20438,lifted,walk
20512,lifted,walk
20516,lifted,walk
20530,lifted,walk
20534,lifted,walk
20538,lifted,walk
20542,lifted,walk
20566,lifted,walk
20570,lifted,walk
20574,lifted,walk
20578,lifted,walk
20646,lifted,walk
20650,lifted,walk
20936,lifted,walk
21034,lifted,walk
21118,lifted,walk
21134,lifted,walk
21138,lifted,cfg
21168,lifted,walk
21320,lifted,walk
21342,lifted,cfg
21408,lifted,walk
21414,lifted,walk
21418,lifted,walk
21422,lifted,walk
21430,lifted,walk
21442,lifted,walk
21446,lifted,walk
21458,lifted,walk
21470,lifted,walk
21482,lifted,walk
21494,lifted,walk
21506,lifted,walk
21518,lifted,walk
21530,lifted,walk
21542,lifted,walk
21556,lifted,walk
21620,lifted,walk
21634,lifted,walk
21648,lifted,walk
21658,lifted,walk
21670,lifted,walk
21682,lifted,walk
21694,lifted,walk
21706,lifted,walk
21718,lifted,walk
21738,lifted,walk
21750,lifted,walk
21762,lifted,walk
21774,lifted,walk
21786,lifted,walk
21798,lifted,walk
21810,lifted,walk
21822,lifted,cfg
21860,lifted,walk
21920,lifted,walk
21938,lifted,walk
21956,lifted,walk
21992,lifted,walk
22010,lifted,walk
22028,lifted,walk
22046,lifted,walk
22064,lifted,walk
22076,lifted,walk
22088,lifted,walk
22100,lifted,walk
22112,lifted,walk
22124,lifted,walk
22138,lifted,cfg
22414,lifted,walk
22428,lifted,walk
22442,lifted,walk
22456,lifted,walk
22470,lifted,cfg
22752,lifted,walk
22766,lifted,walk
22780,lifted,walk
22794,lifted,walk
22808,lifted,walk
22822,lifted,walk
22836,lifted,walk
22892,lifted,walk
22906,lifted,walk
22920,lifted,walk
22934,lifted,walk
22948,lifted,walk
22962,lifted,walk
22976,lifted,walk
22990,lifted,walk
23070,lifted,walk
23074,lifted,walk
23088,lifted,walk
23102,lifted,walk
23116,lifted,walk
23128,lifted,walk
23232,lifted,walk
23246,lifted,walk
23260,lifted,walk
23274,lifted,walk
23288,lifted,walk
23302,lifted,walk
23316,lifted,walk
23328,lifted,walk
23342,lifted,walk
23356,lifted,walk
23382,lifted,cfg
23528,lifted,cfg
23748,lifted,walk
23762,lifted,walk
23778,lifted,walk
23790,lifted,walk
23806,lifted,walk
23818,lifted,walk
23830,lifted,walk
23846,lifted,walk
23862,lifted,walk
23920,lifted,walk
23936,lifted,walk
23952,lifted,walk
23968,lifted,walk
23974,lifted,walk
23990,lifted,walk
24006,lifted,walk
24022,lifted,walk
24028,lifted,walk
24044,lifted,walk
24060,lifted,walk
24076,lifted,walk
24082,lifted,walk
24098,lifted,walk
24114,lifted,walk
24130,lifted,walk
24136,lifted,walk
24152,lifted,walk
24168,lifted,walk
24184,lifted,cfg
24252,lifted,walk
24264,lifted,walk
24270,lifted,walk
24286,lifted,walk
24302,lifted,walk
24308,lifted,cfg
24344,lifted,walk
24348,lifted,cfg
24592,lifted,cfg
24776,lifted,cfg
25000,lifted,cfg
25248,lifted,cfg
25440,lifted,walk
25446,lifted,walk
25452,lifted,walk
25458,lifted,cfg
25584,lifted,cfg
25742,lifted,walk
25786,lifted,walk
25832,lifted,walk
25846,lifted,cfg
25988,lifted,walk
26002,lifted,walk
26034,lifted,walk
26060,lifted,walk
26074,lifted,walk
26088,lifted,walk
26102,lifted,walk
26142,lifted,walk
26184,lifted,walk
26194,lifted,walk
26204,lifted,walk
26214,lifted,walk
26224,lifted,walk
26244,lifted,cfg
26278,lifted,walk
26284,lifted,walk
26290,lifted,cfg
26436,lifted,walk
26518,skip,already-lib
26690,skip,already-lib
26694,skip,already-lib
26756,lifted,walk
27106,lifted,walk
27176,skip,already-lib
27212,skip,already-lib
27280,merged,round 6: midfunc entry merged into parent (parent continuation); lib emitted; emu raises NotImplementedError at entry (garbage pr) -> test skipped=1
27488,lifted,walk
27540,lifted,cfg
27724,lifted,cfg
27840,lifted,walk
27868,lifted,cfg
28028,lifted,cfg
28130,lifted,cfg
28356,lifted,cfg
28438,lifted,cfg
28592,skip,already-lib
28784,lifted,walk
28808,lifted,walk
28844,skip,already-lib
29064,lifted,cfg
29162,skip,already-lib
29312,lifted,walk
29328,lifted,walk
29336,skip,already-lib
29488,lifted,walk
29496,skip,already-lib
29592,lifted,walk
29600,skip,already-lib
29752,lifted,cfg
29868,lifted,walk
29872,lifted,walk
29914,lifted,walk
29920,lifted,cfg
29976,lifted,cfg
30056,lifted,cfg
30110,skip,already-lib
30196,skip,already-lib
30298,skip,already-lib
30312,skip,already-lib
30350,lifted,cfg
30392,skip,already-lib
30500,lifted,cfg
30584,lifted,cfg
30704,lifted,cfg
30842,lifted,cfg
31366,lifted,cfg
31410,lifted,cfg
31576,lifted,cfg
31620,lifted,walk
31632,lifted,walk
31678,lifted,walk
31708,lifted,walk
31716,lifted,cfg
31756,lifted,cfg
31848,lifted,cfg
32144,lifted,cfg
32316,lifted,cfg
32436,lifted,walk
32458,lifted,cfg
32546,lifted,walk
32578,lifted,walk
32656,lifted,walk
32688,lifted,walk
32716,lifted,cfg
32830,lifted,walk
32874,lifted,walk
33008,lifted,cfg
33192,lifted,walk
33384,lifted,walk
33464,skip,already-lib
33496,skip,already-lib
33568,skip,already-lib
33600,lifted,cfg
33604,lifted,cfg
33738,lifted,cfg
33986,lifted,cfg
33990,lifted,cfg
34276,skip,already-lib
34476,skip,already-lib
34552,skip,already-lib
34588,lifted,cfg
34722,lifted,cfg
34836,lifted,cfg
35432,lifted,cfg
35660,lifted,cfg
36144,lifted,cfg
36230,lifted,cfg
36270,lifted,cfg
36328,lifted,cfg
36392,lifted,cfg
36582,lifted,cfg
36650,lifted,cfg
36756,skip,already-lib
36886,lifted,walk
36920,skip,already-lib
37136,skip,already-lib
37140,lifted,cfg
37318,lifted,cfg
37952,lifted,cfg
38032,skip,already-lib
38128,lifted,walk
38140,skip,already-lib
38448,skip,already-lib
38558,lifted,cfg
38622,lifted,cfg
38654,lifted,cfg
38724,lifted,cfg
39056,skip,already-lib
39344,lifted,cfg
39620,skip,already-lib
39688,skip,already-lib
39826,lifted,cfg
39988,lifted,walk
40048,lifted,walk
40070,lifted,walk
40078,lifted,walk
40092,lifted,walk
40100,skip,already-lib
40160,lifted,walk
40194,lifted,walk
40228,lifted,cfg
40444,lifted,cfg
40486,lifted,cfg
40536,lifted,walk
40552,lifted,cfg
40610,lifted,cfg
40702,skip,already-lib
40716,skip,already-lib
40722,lifted,walk
40776,lifted,walk
40780,skip,already-lib
40786,skip,already-lib
40792,skip,already-lib
40798,skip,already-lib
40826,lifted,walk
40854,lifted,walk
40882,skip,already-lib
40910,lifted,walk
40938,lifted,walk
40966,lifted,walk
40994,lifted,walk
41022,lifted,walk
41050,lifted,walk
41078,lifted,walk
41106,lifted,cfg
41144,lifted,cfg
41182,lifted,walk
41206,lifted,walk
41230,lifted,walk
41254,lifted,walk
41278,lifted,walk
41302,lifted,walk
41326,lifted,walk
41350,lifted,walk
41374,lifted,walk
41398,lifted,walk
41422,lifted,walk
41472,lifted,walk
41496,lifted,walk
41520,lifted,cfg
41574,skip,already-lib
41640,lifted,walk
41654,lifted,cfg
41708,lifted,cfg
41740,lifted,cfg
41776,skip,already-lib
41840,lifted,cfg
41900,lifted,cfg
42002,lifted,walk
42040,skip,already-lib
42166,skip,already-lib
42174,skip,already-lib
42224,lifted,walk
42254,lifted,walk
42274,lifted,cfg
43044,skip,already-lib
43088,skip,already-lib
43172,skip,already-lib
43228,lifted,walk
43318,lifted,cfg
43664,lifted,cfg
43716,skip,already-lib
43884,lifted,walk
43914,lifted,cfg
44026,lifted,walk
44034,lifted,walk
44284,lifted,cfg
44330,skip,already-lib
44352,skip,already-lib
44776,lifted,cfg
45222,skip,already-lib
45332,lifted,cfg
45530,skip,already-lib
45628,lifted,walk
45712,lifted,walk
45760,lifted,cfg
45832,skip,already-lib
45976,lifted,walk
45994,skip,already-lib
46316,lifted,walk
46496,lifted,walk
46586,skip,already-lib
46594,lifted,cfg
46770,lifted,cfg
47238,lifted,cfg
47448,lifted,cfg
47516,lifted,cfg
48332,lifted,walk
48424,skip,already-lib
48544,lifted,walk
48572,lifted,walk
48634,lifted,cfg
48688,lifted,cfg
48734,lifted,cfg
48780,lifted,cfg
48856,lifted,walk
48954,skip,already-lib
49056,skip,already-lib
49196,skip,already-lib
49392,lifted,walk
49430,skip,already-lib
49484,lifted,cfg
49526,lifted,walk
49656,lifted,walk
49782,lifted,walk
49808,skip,already-lib
49976,skip,already-lib
50126,skip,already-lib
50310,lifted,cfg
51130,lifted,walk
51420,lifted,cfg
51838,lifted,cfg
51868,lifted,cfg
51892,lifted,cfg
51916,lifted,cfg
52034,lifted,cfg
52124,lifted,cfg
52216,lifted,cfg
52254,lifted,cfg
52294,lifted,cfg
52388,lifted,cfg
52442,lifted,cfg
52496,lifted,cfg
52544,skip,already-lib
52596,skip,already-lib
52772,skip,already-lib
52854,lifted,cfg
52936,lifted,cfg
52968,lifted,cfg
52990,lifted,cfg
53010,lifted,cfg
53040,lifted,walk
53078,lifted,walk
53108,lifted,walk
53142,skip,already-lib
53564,lifted,walk
53572,skip,already-lib
53728,skip,already-lib
53764,lifted,cfg
53772,lifted,walk
53790,skip,already-lib
53858,skip,already-lib
53902,skip,already-lib
53992,skip,already-lib
54006,skip,already-lib
54168,lifted,cfg
54200,skip,already-lib
54222,lifted,walk
54280,skip,already-lib
54348,lifted,walk
54380,lifted,cfg
54552,skip,already-lib
54700,lifted,walk
54856,lifted,walk
54900,lifted,walk
55012,lifted,walk
55050,lifted,walk
55058,skip,already-lib
55062,skip,already-lib
55084,lifted,walk
55796,skip,already-lib
55956,lifted,walk
56030,skip,already-lib
56040,lifted,walk
56048,lifted,cfg
56152,skip,already-lib
56310,lifted,cfg
56512,lifted,cfg
56796,skip,already-lib
56892,skip,already-lib
56902,skip,already-lib
56946,lifted,cfg
57096,skip,already-lib
57196,skip,already-lib
57268,skip,already-lib
57404,skip,already-lib
57412,lifted,walk
57420,lifted,walk
57428,skip,already-lib
57444,skip,already-lib
57470,skip,already-lib
57576,skip,already-lib
57592,lifted,cfg
57780,skip,already-lib
57788,skip,already-lib
57820,skip,already-lib
57854,skip,already-lib
57888,skip,already-lib
57924,lifted,cfg
57976,skip,already-lib
58028,skip,already-lib
58072,lifted,walk
58436,skip,already-lib
58440,skip,already-lib
58456,skip,already-lib
58514,skip,already-lib
58616,skip,already-lib
58724,lifted,cfg
59668,skip,already-lib
60872,skip,already-lib
61032,skip,already-lib
61062,skip,already-lib
61182,lifted,cfg
61664,lifted,cfg
62040,lifted,cfg
62112,skip,already-lib
62128,lifted,cfg
62240,lifted,cfg
62280,lifted,walk
62336,skip,already-lib
62548,skip,already-lib
62684,lifted,cfg
63484,lifted,cfg
63692,lifted,walk
63700,lifted,cfg
63778,lifted,cfg
63844,lifted,cfg
63990,lifted,walk
64010,lifted,walk
64018,lifted,cfg
64062,lifted,walk
64082,lifted,cfg
64400,lifted,cfg
65106,lifted,cfg
65208,lifted,cfg
65279,stubbed,"callee-cfg 65279 ('unmapped', 65285)"
65288,lifted,walk
65294,lifted,walk
65300,lifted,cfg
65334,lifted,cfg
65436,lifted,cfg
65498,lifted,cfg
65793,stubbed,"callee-cfg 65793 ('unmapped', 65793)"
65908,lifted,cfg
65968,lifted,cfg
66060,lifted,walk
66100,skip,already-lib
66124,skip,already-lib
66332,skip,already-lib
66438,lifted,walk
66444,lifted,cfg
67152,lifted,cfg
67430,skip,already-lib
67438,skip,already-lib
67528,lifted,cfg
67572,lifted,walk
67594,lifted,cfg
67842,lifted,cfg
68236,lifted,cfg
68404,skip,already-lib
68788,lifted,cfg
68956,lifted,cfg
68994,lifted,cfg
69140,lifted,cfg
69292,lifted,walk
69330,lifted,cfg
69350,lifted,cfg
69380,lifted,cfg
69490,lifted,walk
69494,lifted,walk
69508,lifted,cfg
69610,lifted,cfg
69716,skip,already-lib
69754,lifted,walk
70278,lifted,cfg
70684,lifted,walk
70908,lifted,walk
70938,lifted,walk
70976,skip,already-lib
71044,skip,already-lib
71082,skip,already-lib
71624,skip,already-lib
71722,skip,already-lib
71934,skip,already-lib
72014,skip,already-lib
72532,skip,already-lib
72576,skip,already-lib
72602,skip,already-lib
72694,skip,already-lib
72732,skip,already-lib
72810,lifted,walk
72814,lifted,walk
72818,skip,already-lib
72866,lifted,walk
72916,lifted,walk
72920,lifted,walk
72924,lifted,walk
72928,lifted,walk
72932,lifted,walk
72938,lifted,walk
72944,lifted,cfg
72956,lifted,cfg
72976,lifted,cfg
73216,lifted,cfg
73504,lifted,walk
73532,lifted,walk
73536,lifted,cfg
73556,skip,already-lib
73592,lifted,cfg
73770,lifted,cfg
74112,skip,already-lib
74130,lifted,walk
74148,lifted,cfg
74294,merged,round 6: midfunc entry merged into parent (parent continuation); lib emitted; emu raises NotImplementedError at entry (garbage pr) -> test skipped=1
74388,lifted,cfg
74534,merged,round 6: midfunc entry merged into parent (parent continuation); lib emitted; emu raises NotImplementedError at entry (garbage pr) -> test skipped=1
74562,lifted,walk
74578,lifted,walk
74594,lifted,cfg
74838,lifted,cfg
75068,lifted,cfg
75126,lifted,cfg
75184,lifted,cfg
75456,lifted,cfg
75724,skip,already-lib
75734,lifted,walk
75752,skip,already-lib
75840,lifted,cfg
76036,skip,already-lib
76650,skip,already-lib
76758,skip,already-lib
77032,lifted,walk
77104,skip,already-lib
77460,skip,already-lib
77936,skip,already-lib
78428,lifted,walk
78446,lifted,cfg
78538,lifted,cfg
78696,lifted,walk
78868,lifted,cfg
79172,lifted,cfg
79476,lifted,walk
79486,lifted,walk
79494,skip,already-lib
79574,skip,already-lib
79614,skip,already-lib
79712,skip,already-lib
79880,lifted,cfg
80036,lifted,cfg
80308,skip,already-lib
80612,lifted,cfg
80714,lifted,walk
80734,lifted,cfg
80848,skip,already-lib
80864,lifted,cfg
80964,skip,already-lib
81156,lifted,walk
81180,skip,already-lib
81314,lifted,walk
81412,skip,already-lib
81456,lifted,cfg
81560,lifted,cfg
81760,lifted,cfg
81908,skip,already-lib
82020,lifted,cfg
82140,lifted,walk
82190,skip,already-lib
82240,lifted,cfg
82428,skip,already-lib
82842,skip,already-lib
82874,skip,already-lib
82898,lifted,cfg
83232,lifted,walk
83334,skip,already-lib
83388,skip,already-lib
83418,lifted,walk
83460,skip,already-lib
83476,skip,already-lib
83482,lifted,walk
83488,skip,already-lib
83636,skip,already-lib
83668,lifted,cfg
83722,lifted,cfg
83820,lifted,walk
83836,lifted,cfg
83972,skip,already-lib
84004,lifted,cfg
84132,lifted,cfg
84746,lifted,cfg
85104,lifted,cfg
85708,lifted,cfg
85964,lifted,cfg
87572,lifted,cfg
87846,lifted,cfg
88132,lifted,cfg
88212,skip,already-lib
88222,lifted,cfg
89440,skip,already-lib
89464,skip,already-lib
89490,lifted,walk
89508,lifted,cfg
89600,lifted,cfg
89986,lifted,cfg
90460,lifted,walk
90500,lifted,cfg
90668,skip,already-lib
90678,lifted,cfg
91098,lifted,cfg
91254,lifted,cfg
91428,skip,already-lib
91460,skip,already-lib
91468,skip,already-lib
91568,lifted,walk
91588,skip,already-lib
91762,skip,already-lib
91768,lifted,cfg
91908,lifted,cfg
92120,lifted,cfg
92192,lifted,cfg
92320,lifted,walk
92452,skip,already-lib
92500,lifted,walk
92550,skip,already-lib
92600,skip,already-lib
92650,lifted,walk
92712,skip,already-lib
92762,skip,already-lib
92812,skip,already-lib
92872,skip,already-lib
92976,lifted,cfg
94252,lifted,cfg
94748,lifted,cfg
94914,lifted,cfg
95342,lifted,cfg
95620,lifted,cfg
96488,skip,already-lib
96572,skip,already-lib
96634,lifted,cfg
96804,lifted,walk
96824,skip,already-lib
96920,skip,already-lib
96944,skip,already-lib
96974,skip,already-lib
96998,skip,already-lib
97018,lifted,cfg
97136,lifted,cfg
97584,skip,already-lib
97598,skip,already-lib
97628,skip,already-lib
97658,lifted,cfg
98414,skip,already-lib
99196,lifted,cfg
99594,skip,already-lib
99938,lifted,cfg
100132,lifted,cfg
100216,lifted,cfg
100232,lifted,cfg
100316,lifted,cfg
100620,skip,already-lib
100716,skip,already-lib
100768,skip,already-lib
100804,skip,already-lib
100840,lifted,cfg
101044,lifted,walk
101148,lifted,cfg
101314,lifted,cfg
101464,skip,already-lib
101548,lifted,cfg
101692,lifted,cfg
102204,skip,already-lib
102252,lifted,walk
102300,lifted,cfg
103068,lifted,cfg
103124,skip,already-lib
103348,skip,already-lib
103584,lifted,cfg
103924,skip,already-lib
104166,skip,already-lib
104698,lifted,cfg
104884,skip,already-lib
104996,skip,already-lib
105036,skip,already-lib
105046,skip,already-lib
105054,skip,already-lib
105078,skip,already-lib
105088,skip,already-lib
105138,skip,already-lib
105180,skip,already-lib
105280,skip,already-lib
105308,skip,already-lib
105346,skip,already-lib
105376,skip,already-lib
105414,skip,already-lib
105444,lifted,cfg
106294,lifted,cfg
106432,skip,already-lib
107134,skip,already-lib
107166,skip,already-lib
107240,skip,already-lib
107280,lifted,cfg
107328,skip,already-lib
107342,skip,already-lib
107356,lifted,walk
107640,skip,already-lib
107708,skip,already-lib
107750,skip,already-lib
107828,skip,already-lib
108172,skip,already-lib
108304,skip,already-lib
108328,skip,already-lib
108538,skip,already-lib
108864,skip,already-lib
109038,skip,already-lib
109086,lifted,walk
109188,skip,already-lib
109212,skip,already-lib
109260,skip,already-lib
109322,lifted,walk
109366,skip,already-lib
109656,skip,already-lib
109696,skip,already-lib
109728,skip,already-lib
109742,skip,already-lib
109964,skip,already-lib
110054,lifted,cfg
110218,lifted,cfg
110332,skip,already-lib
110342,skip,already-lib
110352,lifted,cfg
110520,skip,already-lib
110540,skip,already-lib
110612,skip,already-lib
110728,skip,already-lib
110768,skip,already-lib
110788,skip,already-lib
110902,skip,already-lib
110960,skip,already-lib
111204,lifted,cfg
111944,lifted,cfg
112304,lifted,cfg
112620,skip,already-lib
112644,skip,already-lib
112700,skip,already-lib
112744,skip,already-lib
112880,skip,already-lib
112908,skip,already-lib
112932,lifted,cfg
113248,skip,already-lib
113390,skip,already-lib
113470,lifted,cfg
113660,skip,already-lib
113686,lifted,cfg
114338,lifted,cfg
115116,lifted,cfg
115696,lifted,cfg
115920,lifted,cfg
116574,skip,already-lib
116724,lifted,cfg
116804,skip,already-lib
116814,lifted,cfg
116912,skip,already-lib
116944,skip,already-lib
116954,skip,already-lib
116962,skip,already-lib
116986,skip,already-lib
116996,skip,already-lib
117022,skip,already-lib
117064,skip,already-lib
117316,skip,already-lib
117592,skip,already-lib
117636,lifted,walk
117660,lifted,walk
117698,lifted,walk
117728,lifted,walk
117740,lifted,cfg
118220,skip,already-lib
118324,lifted,cfg
119520,lifted,cfg
120468,lifted,cfg
121036,skip,already-lib
121898,skip,already-lib
122174,lifted,cfg
122426,lifted,cfg
122914,lifted,cfg
123156,lifted,cfg
123346,lifted,cfg
123568,lifted,cfg
123708,lifted,cfg
124716,lifted,cfg
125020,lifted,cfg
125132,lifted,cfg
125648,skip,already-lib
125672,lifted,cfg
125744,skip,already-lib
125844,lifted,cfg
126632,lifted,cfg
127650,skip,already-lib
127840,lifted,cfg
127996,lifted,cfg
128182,lifted,cfg
128320,lifted,cfg
128452,lifted,cfg
128488,skip,already-lib
128518,lifted,cfg
128846,skip,already-lib
129168,skip,already-lib
129194,lifted,cfg
129828,lifted,cfg
131342,lifted,cfg
132524,skip,already-lib
133032,lifted,cfg
133528,lifted,cfg
133926,skip,already-lib
134316,lifted,cfg
134376,skip,already-lib
134392,lifted,cfg
134892,lifted,cfg
135332,skip,already-lib
135350,lifted,cfg
135720,skip,already-lib
136074,skip,already-lib
136500,skip,already-lib
136576,skip,already-lib
136796,skip,already-lib
136916,lifted,walk
137008,skip,already-lib
137058,skip,already-lib
137138,skip,already-lib
137460,lifted,cfg
137776,skip,already-lib
137812,skip,already-lib
137842,lifted,cfg
137872,lifted,cfg
137910,skip,already-lib
137976,lifted,walk
138090,skip,already-lib
138162,skip,already-lib
138342,lifted,cfg
138656,lifted,walk
138698,skip,already-lib
138722,skip,already-lib
138746,skip,already-lib
138760,lifted,walk
138774,skip,already-lib
138852,skip,already-lib
139108,skip,already-lib
139364,lifted,cfg
139468,lifted,walk
139474,lifted,cfg
139512,skip,already-lib
139824,skip,already-lib
139996,lifted,cfg
140268,lifted,cfg
140372,skip,already-lib
140468,lifted,walk
140472,lifted,walk
140528,lifted,walk
140534,skip,already-lib
140594,lifted,cfg
140672,lifted,cfg
140856,merged,round 6: midfunc entry merged into parent (parent continuation); lib emitted; emu raises NotImplementedError at entry (garbage pr) -> test skipped=1
140874,lifted,cfg
141046,lifted,cfg
141416,lifted,cfg
142000,skip,already-lib
142260,lifted,walk
142266,lifted,cfg
142336,lifted,cfg
142624,lifted,cfg
142972,lifted,walk
143012,lifted,walk
143016,lifted,walk
143072,skip,already-lib
143260,skip,already-lib
143972,skip,already-lib
143980,lifted,cfg
144292,lifted,cfg
144844,lifted,cfg
144924,lifted,cfg
145284,lifted,cfg
145340,lifted,walk
145390,lifted,walk
145396,skip,already-lib
145636,skip,already-lib
145666,skip,already-lib
145692,lifted,cfg
145916,skip,already-lib
145924,skip,already-lib
146020,lifted,cfg
146528,lifted,cfg
146892,lifted,cfg
147004,skip,already-lib
147052,lifted,cfg
147264,lifted,cfg
147380,lifted,walk
147394,skip,already-lib
147418,skip,already-lib
147424,skip,already-lib
147438,lifted,cfg
147520,skip,already-lib
147640,lifted,cfg
149442,lifted,cfg
150306,skip,already-lib
150846,skip,already-lib
152456,lifted,walk
152524,skip,already-lib
152556,skip,already-lib
152596,skip,already-lib
153344,skip,already-lib
153352,skip,already-lib
153378,skip,already-lib
153390,skip,already-lib
153426,lifted,cfg
153558,lifted,cfg
153684,skip,already-lib
153698,skip,already-lib
153720,lifted,cfg
153876,lifted,walk
154024,lifted,cfg
154144,skip,already-lib
154200,skip,already-lib
154270,skip,already-lib
154392,lifted,walk
154406,lifted,walk
154414,lifted,walk
154422,skip,already-lib
154432,skip,already-lib
154442,skip,already-lib
154676,lifted,walk
154682,skip,already-lib
154688,lifted,walk
154712,lifted,walk
154736,lifted,walk
154768,lifted,cfg
154816,lifted,cfg
154918,lifted,cfg
155032,skip,already-lib
155040,lifted,walk
155052,lifted,walk
155066,lifted,walk
155124,skip,already-lib
155272,skip,already-lib
155292,lifted,walk
155302,lifted,walk
155332,lifted,walk
155388,skip,already-lib
155544,lifted,cfg
155672,skip,already-lib
155716,lifted,cfg
156058,skip,already-lib
156312,lifted,cfg
156380,lifted,cfg
156424,lifted,cfg
156480,skip,already-lib
156570,lifted,cfg
156748,skip,already-lib
156960,lifted,cfg
158356,lifted,cfg
158818,skip,already-lib
158848,lifted,cfg
159252,lifted,cfg
159560,lifted,cfg
159876,skip,already-lib
159964,lifted,walk
159978,skip,already-lib
160050,skip,already-lib
160116,skip,already-lib
160140,skip,already-lib
160256,skip,already-lib
160284,skip,already-lib
160300,skip,already-lib
160344,skip,already-lib
160356,skip,already-lib
160422,skip,already-lib
160434,skip,already-lib
160564,skip,already-lib
160614,lifted,cfg
160708,skip,already-lib
160836,lifted,cfg
160974,lifted,cfg
161104,skip,already-lib
161128,skip,already-lib
161170,skip,already-lib
161228,lifted,cfg
161292,skip,already-lib
161328,lifted,cfg
161516,skip,already-lib
161536,skip,already-lib
161902,lifted,cfg
162094,skip,already-lib
162128,skip,already-lib
162208,lifted,cfg
162314,lifted,walk
162322,lifted,walk
162342,lifted,walk
162454,lifted,cfg
162604,lifted,cfg
162946,skip,already-lib
162980,skip,already-lib
163032,skip,already-lib
163128,skip,already-lib
163240,skip,already-lib
163432,lifted,cfg
163892,lifted,cfg
164176,skip,already-lib
164640,lifted,cfg
164956,lifted,cfg
165078,skip,already-lib
165454,lifted,cfg
165940,lifted,cfg
166140,lifted,cfg
166252,lifted,cfg
166344,skip,already-lib
166368,skip,already-lib
166392,skip,already-lib
166406,skip,already-lib
166496,lifted,cfg
166624,skip,already-lib
166888,lifted,cfg
167108,lifted,cfg
167284,lifted,walk
167372,lifted,cfg
167512,skip,already-lib
167534,skip,already-lib
167556,skip,already-lib
167852,lifted,cfg
168144,lifted,walk
168200,skip,already-lib
168238,skip,already-lib
168520,lifted,walk
168574,skip,already-lib
168634,skip,already-lib
168664,skip,already-lib
168688,lifted,walk
168712,skip,already-lib
168732,lifted,cfg
169052,skip,already-lib
169060,skip,already-lib
169068,skip,already-lib
169076,skip,already-lib
169120,skip,already-lib
169200,lifted,cfg
169300,lifted,walk
169306,skip,already-lib
169348,skip,already-lib
169356,lifted,walk
169412,lifted,cfg
169438,lifted,walk
169448,lifted,walk
169458,lifted,walk
169466,lifted,cfg
169504,lifted,cfg
169676,lifted,cfg
169784,skip,already-lib
169816,skip,already-lib
169824,lifted,walk
169832,skip,already-lib
169874,lifted,walk
169882,lifted,cfg
169922,lifted,walk
170080,lifted,walk
170148,lifted,cfg
170448,lifted,walk
170458,skip,already-lib
170520,lifted,cfg
170524,skip,already-lib
170566,lifted,walk
170606,lifted,cfg
170716,lifted,walk
170726,skip,already-lib
170828,lifted,walk
170834,skip,already-lib
170876,skip,already-lib
170884,lifted,walk
170948,lifted,cfg
170974,lifted,cfg
171036,lifted,walk
171044,lifted,cfg
171168,lifted,cfg
171232,lifted,walk
171240,lifted,cfg
171452,lifted,walk
171458,skip,already-lib
171500,skip,already-lib
171508,lifted,walk
171560,lifted,cfg
171626,lifted,walk
171636,lifted,walk
171646,lifted,walk
171656,lifted,walk
171666,lifted,walk
171732,lifted,walk
171830,lifted,walk
171838,lifted,cfg
172062,lifted,cfg
172224,lifted,cfg
172516,lifted,cfg
172644,lifted,walk
172708,lifted,cfg
172750,lifted,cfg
172828,lifted,cfg
172914,lifted,cfg
173020,lifted,walk
173026,skip,already-lib
173068,skip,already-lib
173076,lifted,walk
173140,lifted,cfg
173186,lifted,walk
173196,lifted,walk
173206,lifted,walk
173216,lifted,cfg
173514,lifted,walk
173566,lifted,cfg
173762,lifted,cfg
173872,lifted,cfg
173998,lifted,cfg
174038,lifted,cfg
174252,lifted,cfg
174324,lifted,walk
174492,skip,already-lib
174522,skip,already-lib
174564,lifted,walk
174594,skip,already-lib
174690,skip,already-lib
174792,skip,already-lib
174834,lifted,walk
174864,skip,already-lib
174888,skip,already-lib
174894,lifted,cfg
175180,lifted,cfg
176460,skip,already-lib
176470,lifted,cfg
176538,skip,already-lib
176566,skip,already-lib
176604,lifted,cfg
177616,lifted,cfg
177984,lifted,cfg
177988,skip,already-lib
178074,lifted,cfg
178346,skip,already-lib
178386,skip,already-lib
178430,skip,already-lib
178474,skip,already-lib
178548,skip,already-lib
178616,skip,already-lib
178668,skip,already-lib
178672,skip,already-lib
178776,skip,already-lib
178792,skip,already-lib
178956,lifted,cfg
179156,skip,already-lib
179178,lifted,cfg
179704,skip,already-lib
179734,skip,already-lib
179880,skip,already-lib
179932,skip,already-lib
179962,skip,already-lib
179992,skip,already-lib
180022,skip,already-lib
180074,lifted,cfg
180296,skip,already-lib
180306,skip,already-lib
180392,lifted,cfg
180396,skip,already-lib
180434,skip,already-lib
180444,lifted,walk
180454,skip,already-lib
180524,skip,already-lib
180530,skip,already-lib
180572,skip,already-lib
180580,lifted,walk
180596,lifted,walk
180700,skip,already-lib
180816,skip,already-lib
180936,skip,already-lib
180944,skip,already-lib
181108,skip,already-lib
181118,lifted,cfg
181128,lifted,cfg
181166,lifted,cfg
181380,lifted,walk
181478,lifted,cfg
181576,lifted,cfg
181712,skip,already-lib
181736,skip,already-lib
181744,skip,already-lib
181752,skip,already-lib
182444,lifted,cfg
182546,lifted,cfg
183004,skip,already-lib
183146,skip,already-lib
183592,lifted,walk
183598,skip,already-lib
183640,skip,already-lib
183648,lifted,walk
183690,lifted,cfg
183708,lifted,cfg
183752,lifted,walk
183760,lifted,walk
183768,lifted,walk
183820,lifted,walk
183844,lifted,cfg
183992,lifted,cfg
184314,lifted,cfg
184456,lifted,cfg
184526,skip,already-lib
184626,lifted,cfg
184768,lifted,cfg
184836,lifted,walk
184840,lifted,walk
185016,lifted,walk
185040,lifted,walk
185064,lifted,walk
185088,lifted,walk
185120,lifted,cfg
185228,lifted,walk
185250,lifted,walk
185272,lifted,walk
185392,lifted,walk
185408,lifted,walk
185430,lifted,walk
185454,lifted,walk
185478,lifted,cfg
185532,lifted,cfg
185608,lifted,cfg
185724,skip,already-lib
185734,skip,already-lib
185760,lifted,walk
185820,skip,already-lib
185828,skip,already-lib
185836,lifted,walk
185870,lifted,cfg
186146,lifted,cfg
186412,lifted,cfg
186488,lifted,cfg
186660,lifted,cfg
186812,lifted,cfg
187136,lifted,cfg
187332,lifted,cfg
187434,lifted,cfg
187528,lifted,cfg
187612,lifted,cfg
188004,lifted,cfg
189708,lifted,cfg
189824,lifted,cfg
189956,skip,already-lib
190010,skip,already-lib
190060,skip,already-lib
190178,lifted,cfg
190544,lifted,cfg
190656,lifted,cfg
190816,lifted,cfg
191186,lifted,cfg
191248,lifted,walk
191262,lifted,walk
191266,skip,already-lib
191296,lifted,walk
191470,skip,already-lib
191500,skip,already-lib
191514,lifted,cfg
191672,lifted,cfg
191736,skip,already-lib
191828,skip,already-lib
192092,skip,already-lib
192468,lifted,cfg
192658,lifted,cfg
193796,lifted,cfg
193918,lifted,cfg
194004,lifted,walk
194010,lifted,cfg
194112,lifted,walk
194196,lifted,walk
194328,lifted,walk
194334,skip,already-lib
194404,skip,already-lib
195026,skip,already-lib
195348,lifted,cfg
195872,skip,already-lib
195912,skip,already-lib
195974,lifted,walk
196096,lifted,walk
196116,skip,already-lib
196164,lifted,cfg
196232,skip,already-lib
196276,lifted,cfg
196568,lifted,cfg
196776,skip,already-lib
196784,skip,already-lib
196792,skip,already-lib
196964,skip,already-lib
197040,skip,already-lib
197110,skip,already-lib
197224,lifted,cfg
197304,lifted,walk
197334,lifted,walk
197364,skip,already-lib
197444,lifted,cfg
197652,skip,already-lib
197836,lifted,cfg
198000,skip,already-lib
198022,skip,already-lib
198046,skip,already-lib
198324,skip,already-lib
198400,skip,already-lib
198440,lifted,cfg
198716,skip,already-lib
198810,skip,already-lib
198916,skip,already-lib
199444,skip,already-lib
199556,skip,already-lib
199804,lifted,cfg
200164,lifted,cfg
200612,lifted,cfg
201712,lifted,cfg
202656,skip,already-lib
202688,skip,already-lib
202724,lifted,cfg
203128,lifted,cfg
203468,skip,already-lib
203680,lifted,walk
203748,lifted,walk
203762,skip,already-lib
203798,lifted,cfg
203856,lifted,cfg
204224,skip,already-lib
204234,skip,already-lib
204274,lifted,cfg
204492,lifted,cfg
204948,lifted,cfg
204996,lifted,walk
205000,skip,already-lib
205076,lifted,cfg
205686,skip,already-lib
205746,skip,already-lib
205786,lifted,cfg
206140,skip,already-lib
206180,skip,already-lib
206190,skip,already-lib
206236,skip,already-lib
206244,skip,already-lib
206252,lifted,cfg
206492,lifted,cfg
206672,lifted,cfg
206798,lifted,cfg
206880,lifted,cfg
207060,lifted,cfg
207548,lifted,cfg
208348,lifted,walk
208354,skip,already-lib
208396,skip,already-lib
208404,lifted,walk
208446,lifted,cfg
208460,lifted,cfg
208536,lifted,walk
208546,lifted,walk
208592,lifted,walk
208598,skip,already-lib
208640,skip,already-lib
208648,lifted,walk
208686,lifted,cfg
208696,skip,already-lib
208778,lifted,cfg
208956,lifted,cfg
208960,skip,already-lib
209002,lifted,walk
209048,lifted,walk
209074,lifted,walk
209084,skip,already-lib
209188,lifted,cfg
209408,lifted,cfg
209508,skip,already-lib
209756,skip,already-lib
209766,lifted,cfg
209862,lifted,"round 6: midfunc entry merged into parent; PASS 1/1 (diff-test, cases=1)"
210016,lifted,cfg
210596,lifted,cfg
211062,lifted,cfg
211212,skip,already-lib
211290,skip,already-lib
211322,skip,already-lib
211330,skip,already-lib
211346,skip,already-lib
211358,skip,already-lib
211480,lifted,cfg
212146,skip,already-lib
212268,lifted,walk
212388,lifted,cfg
212768,lifted,cfg
212900,skip,already-lib
213264,skip,already-lib
213374,skip,already-lib
213456,skip,already-lib
213466,skip,already-lib
213476,skip,already-lib
213492,skip,already-lib
213544,skip,already-lib
213578,lifted,cfg
213788,lifted,cfg
213896,lifted,cfg
214104,lifted,cfg
214220,lifted,cfg
214326,skip,already-lib
214452,skip,already-lib
214468,skip,already-lib
214512,lifted,cfg
214768,skip,already-lib
214908,lifted,cfg
215118,lifted,cfg
215244,skip,already-lib
215278,lifted,walk
215396,lifted,cfg
215512,skip,already-lib
215600,skip,already-lib
215626,skip,already-lib
215684,skip,already-lib
216432,lifted,cfg
216884,skip,already-lib
216932,skip,already-lib
217092,lifted,walk
217098,lifted,cfg
217136,lifted,walk
217142,lifted,cfg
217180,skip,already-lib
217348,lifted,walk
217380,skip,already-lib
217416,skip,already-lib
217422,lifted,cfg
217476,lifted,walk
217484,lifted,walk
217492,lifted,walk
217602,skip,already-lib
217980,lifted,cfg
218162,lifted,cfg
218504,lifted,cfg
218722,lifted,cfg
219010,lifted,cfg
219342,lifted,cfg
219512,lifted,cfg
219620,lifted,walk
219736,lifted,walk
219766,lifted,cfg
219886,lifted,cfg
219992,skip,already-lib
220156,lifted,cfg
220432,lifted,cfg
220760,lifted,cfg
221020,lifted,cfg
221084,lifted,walk
221302,lifted,walk
221372,lifted,walk
221612,skip,already-lib
222294,lifted,cfg
222368,skip,already-lib
222656,lifted,cfg
222852,lifted,cfg
223176,skip,already-lib
223208,lifted,cfg
223330,lifted,cfg
223492,lifted,cfg
223614,lifted,cfg
223884,lifted,walk
223984,lifted,cfg
224062,lifted,cfg
224132,lifted,cfg
224352,lifted,cfg
224634,lifted,cfg
224800,lifted,cfg
224922,lifted,cfg
225104,lifted,cfg
225226,skip,already-lib
225296,lifted,walk
225320,lifted,cfg
225424,lifted,cfg
225588,lifted,cfg
225772,lifted,cfg
225976,lifted,cfg
226140,lifted,cfg
226302,lifted,cfg
226510,lifted,cfg
226620,lifted,cfg
226804,lifted,walk
226968,lifted,cfg
227164,lifted,walk
227326,lifted,walk
227412,lifted,walk
227542,lifted,cfg
227756,lifted,cfg
227960,lifted,cfg
228318,lifted,walk
228454,lifted,walk
228488,lifted,cfg
228576,lifted,cfg
229372,skip,already-lib
229636,lifted,cfg
230392,lifted,cfg
230852,skip,already-lib
230928,skip,already-lib
231156,lifted,walk
231162,lifted,walk
231178,lifted,cfg
231324,lifted,walk
231330,skip,already-lib
231354,lifted,cfg
231400,lifted,cfg
231480,skip,already-lib
231484,skip,already-lib
231536,skip,already-lib
231594,skip,already-lib
231604,skip,already-lib
231614,skip,already-lib
231704,lifted,walk
231714,lifted,cfg
231758,skip,already-lib
232118,lifted,cfg
232318,lifted,walk
232436,skip,already-lib
232492,lifted,cfg
232988,lifted,walk
233052,skip,already-lib
233072,lifted,walk
233536,skip,already-lib
233562,lifted,cfg
234000,skip,already-lib
234072,skip,already-lib
234096,skip,already-lib
234306,skip,already-lib
234396,skip,already-lib
234462,lifted,cfg
234748,lifted,walk
235764,lifted,cfg
235832,lifted,walk
237312,skip,already-lib
237768,skip,already-lib
237834,skip,already-lib
237924,skip,already-lib
237940,skip,already-lib
237964,lifted,walk
237994,skip,already-lib
238468,lifted,cfg
238832,skip,already-lib
238880,lifted,cfg
238982,lifted,walk
239104,lifted,walk
239112,lifted,cfg
239286,lifted,cfg
239434,lifted,cfg
239626,lifted,cfg
239858,skip,already-lib
239868,lifted,walk
239984,lifted,cfg
240380,lifted,cfg
240778,lifted,cfg
240896,lifted,cfg
241000,lifted,cfg
241356,lifted,cfg
241468,lifted,cfg
241832,lifted,cfg
242186,lifted,walk
242230,lifted,walk
242308,lifted,walk
242340,lifted,cfg
242402,lifted,cfg
242500,lifted,cfg
242784,lifted,cfg
243012,lifted,cfg
243174,lifted,walk
243240,lifted,walk
243272,lifted,cfg
243742,lifted,cfg
244120,lifted,walk
244142,lifted,walk
244186,lifted,cfg
244296,lifted,walk
244368,lifted,cfg
244406,skip,already-lib
244436,lifted,cfg
244764,lifted,walk
244872,lifted,cfg
245050,lifted,cfg
245278,lifted,cfg
245752,lifted,cfg
245946,lifted,cfg
246100,lifted,cfg
246164,lifted,cfg
246640,lifted,walk
246684,lifted,cfg
246876,lifted,walk
246886,lifted,cfg
247010,lifted,walk
247080,lifted,cfg
247098,lifted,cfg
247128,lifted,cfg
247432,lifted,walk
247476,lifted,cfg
247520,lifted,cfg
247800,lifted,cfg
248118,lifted,cfg
248210,lifted,cfg
248276,lifted,cfg
248580,lifted,cfg
248898,lifted,cfg
249378,skip,already-lib
249416,lifted,walk
249460,lifted,cfg
249600,lifted,cfg
249660,lifted,cfg
249940,lifted,cfg
250258,lifted,cfg
250350,lifted,cfg
250436,lifted,cfg
250462,lifted,cfg
251088,lifted,cfg
251138,lifted,cfg
251292,lifted,cfg
251660,lifted,walk
251686,skip,already-lib
251706,lifted,cfg
252080,lifted,walk
252124,lifted,cfg
252192,lifted,walk
252202,skip,already-lib
252270,lifted,cfg
252484,lifted,walk
252536,lifted,walk
252570,lifted,cfg
252852,lifted,cfg
253092,lifted,cfg
253180,lifted,walk
253236,lifted,walk
253254,skip,already-lib
253286,lifted,cfg
253660,lifted,cfg
253922,lifted,walk
253966,lifted,cfg
254076,skip,already-lib
254124,skip,already-lib
254172,skip,already-lib
254236,skip,already-lib
254300,skip,already-lib
254378,skip,already-lib
254456,skip,already-lib
254472,skip,already-lib
254488,skip,already-lib
254552,skip,already-lib
254622,skip,already-lib
254682,skip,already-lib
254768,skip,already-lib
254858,skip,already-lib
254960,skip,already-lib
254968,skip,already-lib
255400,skip,already-lib
255408,skip,already-lib
255884,skip,already-lib
255920,lifted,cfg
256012,lifted,cfg
256104,lifted,cfg
256112,lifted,cfg
256128,lifted,cfg
256136,skip,already-lib
256146,skip,already-lib
256156,lifted,cfg
256256,skip,already-lib
256314,lifted,cfg
256698,skip,already-lib
256764,lifted,cfg
257282,skip,already-lib
257322,skip,already-lib
257362,lifted,cfg
257554,skip,already-lib
258164,lifted,walk
258196,skip,already-lib
258226,skip,already-lib
258262,skip,already-lib
258298,skip,already-lib
258312,lifted,cfg
258392,skip,already-lib
258432,skip,already-lib
258520,lifted,walk
258532,lifted,cfg
258596,lifted,cfg
259224,lifted,cfg
259770,lifted,cfg
259968,skip,already-lib
259986,lifted,cfg
260012,lifted,cfg
260132,lifted,cfg
260780,lifted,cfg
260988,lifted,cfg
261152,lifted,cfg
261362,lifted,cfg
261498,lifted,cfg
261640,lifted,cfg
261700,skip,already-lib
261712,lifted,cfg
261916,skip,already-lib
262264,lifted,cfg
262914,lifted,cfg
265184,lifted,cfg
265752,lifted,cfg
265826,lifted,cfg
265968,lifted,cfg
266176,lifted,cfg
266316,lifted,cfg
266410,lifted,cfg
266540,lifted,cfg
266648,lifted,cfg
267110,skip,already-lib
267272,skip,already-lib
267604,lifted,cfg
268268,lifted,cfg
268864,lifted,cfg
268964,lifted,walk
268994,lifted,cfg
269192,lifted,cfg
269276,lifted,cfg
269554,lifted,cfg
269662,merged,round 6: midfunc entry merged into parent (parent continuation); lib emitted; emu raises NotImplementedError at entry (garbage pr) -> test skipped=1
269692,lifted,cfg
269740,lifted,cfg
270022,lifted,cfg
270234,lifted,cfg
270416,lifted,cfg
270748,lifted,cfg
270864,skip,already-lib
270896,skip,already-lib
270998,lifted,cfg
271152,skip,already-lib
271364,skip,already-lib
271436,lifted,cfg
271532,lifted,cfg
271580,lifted,cfg
271668,lifted,cfg
271778,lifted,cfg
272066,lifted,walk
272106,lifted,cfg
272170,lifted,walk
272312,lifted,cfg
272466,lifted,cfg
272692,lifted,cfg
272828,lifted,walk
272878,lifted,cfg
273234,lifted,walk
273276,lifted,cfg
273398,lifted,cfg
273632,lifted,cfg
273672,lifted,cfg
273812,lifted,walk
273870,lifted,cfg
273916,lifted,walk
274032,lifted,cfg
274138,skip,already-lib
274220,skip,already-lib
274262,lifted,cfg
274388,skip,already-lib
274438,skip,already-lib
274526,skip,already-lib
274596,skip,already-lib
274686,lifted,cfg
274768,lifted,walk
274780,lifted,walk
274792,lifted,cfg
274918,lifted,cfg
275120,skip,already-lib
275130,skip,already-lib
275154,skip,already-lib
275244,lifted,walk
275268,skip,already-lib
275296,lifted,cfg
275418,lifted,walk
275428,skip,already-lib
275516,lifted,cfg
276120,lifted,cfg
277544,skip,already-lib
277586,skip,already-lib
277610,lifted,cfg
277900,skip,already-lib
277950,skip,already-lib
277998,lifted,cfg
278336,lifted,cfg
278480,skip,already-lib
278526,lifted,cfg
278712,skip,already-lib
278870,skip,already-lib
278920,skip,already-lib
278928,skip,already-lib
278968,skip,already-lib
279040,lifted,cfg
279098,skip,already-lib
279188,lifted,walk
279206,lifted,cfg
279276,skip,already-lib
279326,skip,already-lib
279374,lifted,cfg
279748,lifted,cfg
279884,skip,already-lib
279902,skip,already-lib
279968,lifted,cfg
280040,lifted,walk
280048,skip,already-lib
280056,skip,already-lib
280136,lifted,cfg
280948,lifted,walk
280982,lifted,walk
280990,skip,already-lib
280998,skip,already-lib
281062,lifted,cfg
281180,lifted,"round 6: midfunc entry merged into parent; PASS 1/1 (diff-test, cases=1)"
281264,merged,round 6: midfunc entry merged into parent (parent continuation); lib emitted; emu raises NotImplementedError at entry (garbage pr) -> test skipped=1
281464,lifted,walk
281506,lifted,walk
281526,skip,already-lib
281544,lifted,cfg
281806,lifted,cfg
282060,lifted,walk
282102,lifted,walk
282122,skip,already-lib
282140,lifted,cfg
282402,skip,already-lib
282656,lifted,walk
282706,lifted,walk
282714,skip,already-lib
282722,skip,already-lib
282804,lifted,cfg
283002,lifted,walk
283160,lifted,walk
283202,lifted,walk
283222,skip,already-lib
283240,skip,already-lib
283304,skip,already-lib
283628,lifted,walk
283662,lifted,walk
283670,skip,already-lib
283678,lifted,cfg
283792,lifted,cfg
284324,lifted,walk
284338,lifted,cfg
284654,lifted,cfg
284842,lifted,cfg
285158,lifted,cfg
285476,lifted,walk
285510,lifted,walk
285518,skip,already-lib
285526,lifted,cfg
285616,lifted,cfg
286032,lifted,cfg
286112,lifted,cfg
286192,lifted,walk
286220,skip,already-lib
286246,lifted,cfg
286356,lifted,cfg
286550,lifted,walk
286558,lifted,walk
286578,skip,already-lib
286660,skip,already-lib
286728,lifted,walk
286762,lifted,walk
286770,skip,already-lib
286778,skip,already-lib
286842,lifted,cfg
287044,lifted,walk
287068,skip,already-lib
287750,lifted,cfg
287890,lifted,cfg
288024,lifted,cfg
288062,lifted,cfg
288136,lifted,cfg
288252,skip,already-lib
288350,skip,already-lib
288370,skip,already-lib
288388,lifted,walk
288412,lifted,cfg
288656,lifted,cfg
288932,lifted,walk
290138,lifted,walk
290148,lifted,cfg
290344,lifted,walk
291422,lifted,cfg
291470,lifted,cfg
292112,lifted,cfg
292292,skip,already-lib
292324,lifted,cfg
292604,skip,already-lib
292652,lifted,walk
292660,skip,already-lib
292668,skip,already-lib
292676,skip,already-lib
292684,skip,already-lib
292714,lifted,cfg
292856,lifted,walk
292962,lifted,cfg
294150,lifted,cfg
294220,lifted,cfg
294340,lifted,cfg
294396,lifted,cfg
294616,lifted,cfg
294744,lifted,cfg
295028,lifted,cfg
295134,lifted,walk
295180,lifted,cfg
295300,skip,already-lib
295304,skip,already-lib
295314,skip,already-lib
295322,lifted,cfg
295326,lifted,cfg
295524,lifted,cfg
295828,skip,already-lib
295872,skip,already-lib
296072,lifted,cfg
296164,lifted,cfg
296258,lifted,cfg
296394,lifted,cfg
296500,lifted,cfg
296636,lifted,walk
296654,lifted,cfg
296762,lifted,cfg
296828,lifted,cfg
296926,lifted,cfg
297064,lifted,cfg
297512,lifted,cfg
297716,lifted,cfg
297812,lifted,walk
297822,lifted,cfg
297946,lifted,cfg
298422,lifted,cfg
298596,lifted,cfg
298732,lifted,cfg
298856,skip,already-lib
299072,lifted,cfg
299224,lifted,cfg
299328,lifted,cfg
299436,skip,already-lib
299446,lifted,cfg
299794,lifted,cfg
299960,lifted,cfg
300390,lifted,cfg
300844,lifted,cfg
300982,lifted,cfg
301066,lifted,cfg
301224,lifted,cfg
301272,skip,already-lib
301280,skip,already-lib
301344,lifted,cfg
301436,lifted,cfg
301596,lifted,cfg
301676,lifted,walk
301710,skip,already-lib
301758,lifted,cfg
301860,lifted,cfg
301914,lifted,cfg
302112,lifted,cfg
302262,skip,already-lib
302316,lifted,cfg
302408,lifted,walk
302464,lifted,cfg
302508,skip,already-lib
302518,skip,already-lib
302560,skip,already-lib
302624,skip,already-lib
302688,skip,already-lib
302722,lifted,cfg
302800,skip,already-lib
302818,lifted,cfg
303132,lifted,cfg
303320,lifted,cfg
303740,lifted,walk
303748,lifted,cfg
303880,skip,already-lib
304236,skip,already-lib
304288,skip,already-lib
304548,lifted,cfg
304576,lifted,cfg
304718,skip,already-lib
304726,lifted,cfg
304772,skip,already-lib
304808,lifted,walk
304816,skip,already-lib
304876,lifted,walk
304972,skip,already-lib
305006,skip,already-lib
305184,lifted,cfg
305460,skip,already-lib
305484,skip,already-lib
305502,skip,already-lib
305600,skip,already-lib
305666,skip,already-lib
305760,lifted,cfg
305978,skip,already-lib
306016,lifted,cfg
306204,skip,already-lib
306238,skip,already-lib
306284,skip,already-lib
306744,skip,already-lib
306940,lifted,cfg
306944,skip,already-lib
306982,lifted,walk
307034,lifted,walk
307044,skip,already-lib
307144,lifted,walk
307150,skip,already-lib
307188,skip,already-lib
307196,lifted,walk
307254,skip,already-lib
307396,lifted,walk
307402,skip,already-lib
307440,skip,already-lib
307448,lifted,walk
307508,skip,already-lib
307632,lifted,walk
307670,lifted,cfg
307726,lifted,cfg
307808,lifted,cfg
308134,lifted,cfg
308448,skip,already-lib
308584,skip,already-lib
308744,lifted,cfg
309118,lifted,cfg
309396,skip,already-lib
309404,lifted,"round 6: midfunc entry merged into parent; PASS 1/1 (diff-test, cases=1)"
310920,lifted,cfg
311228,lifted,cfg
311344,lifted,walk
311354,skip,already-lib
311492,lifted,walk
311502,skip,already-lib
311510,lifted,walk
311518,lifted,walk
311542,lifted,cfg
311654,lifted,cfg
311808,lifted,cfg
311860,lifted,walk
311906,lifted,cfg
311954,lifted,cfg
311994,lifted,walk
312032,lifted,cfg
312074,lifted,cfg
312194,lifted,cfg
312292,lifted,cfg
312332,lifted,cfg
312360,lifted,cfg
312460,lifted,cfg
312528,lifted,cfg
312602,lifted,"round 6: midfunc entry merged into parent; PASS 1/1 (diff-test, cases=1)"
312700,lifted,cfg
312770,lifted,walk
312800,lifted,cfg
313232,lifted,cfg
313272,lifted,cfg
313300,lifted,cfg
313340,lifted,cfg
313408,lifted,cfg
313552,lifted,cfg
313716,lifted,cfg
314032,lifted,cfg
314314,lifted,cfg
314740,lifted,cfg
314794,lifted,cfg
314852,lifted,walk
314944,lifted,cfg
314996,lifted,cfg
315056,lifted,walk
315084,lifted,walk
315094,lifted,walk
315262,lifted,walk
315396,lifted,cfg
315600,lifted,cfg
315738,lifted,cfg
315904,lifted,cfg
316144,lifted,cfg
316254,lifted,cfg
316378,lifted,walk
316492,lifted,walk
316508,lifted,cfg
316678,lifted,walk
316722,lifted,walk
316732,skip,already-lib
316840,skip,already-lib
316882,lifted,cfg
316944,lifted,walk
317058,skip,already-lib
317130,lifted,cfg
317296,lifted,cfg
317562,lifted,cfg
317638,lifted,walk
317692,lifted,cfg
318136,lifted,cfg
318516,lifted,cfg
318668,lifted,cfg
319084,lifted,cfg
319268,lifted,cfg
319740,lifted,cfg
319964,lifted,cfg
320132,lifted,cfg
320360,lifted,cfg
320712,lifted,cfg
320876,skip,already-lib
320934,lifted,walk
321020,skip,already-lib
321054,lifted,cfg
321120,lifted,cfg
321526,lifted,cfg
321744,lifted,cfg
321808,lifted,cfg
322132,lifted,cfg
322580,lifted,cfg
322826,lifted,cfg
323446,lifted,walk
323516,lifted,walk
323606,skip,already-lib
323624,lifted,walk
323646,skip,already-lib
323716,lifted,cfg
323880,lifted,cfg
323974,lifted,cfg
324472,lifted,cfg
324550,lifted,walk
324600,lifted,cfg
324790,lifted,cfg
324878,lifted,cfg
324974,lifted,cfg
325104,skip,already-lib
325128,lifted,cfg
325362,lifted,cfg
325476,lifted,cfg
325756,lifted,cfg
325900,lifted,walk
326020,lifted,cfg
326106,skip,already-lib
326146,lifted,cfg
326252,lifted,walk
326274,skip,already-lib
326340,lifted,walk
326444,lifted,walk
326622,lifted,cfg
326780,lifted,cfg
327132,lifted,cfg
327250,lifted,cfg
327804,skip,already-lib
327868,lifted,cfg
328286,lifted,walk
328332,lifted,cfg
328432,lifted,cfg
329132,lifted,cfg
329218,lifted,cfg
329346,lifted,cfg
329514,lifted,walk
329558,lifted,walk
329664,lifted,walk
329754,skip,already-lib
329790,lifted,walk
329828,lifted,walk
329920,lifted,cfg
330582,lifted,cfg
330672,lifted,cfg
330766,lifted,cfg
330920,lifted,cfg
331368,skip,already-lib
331440,lifted,walk
331448,skip,already-lib
331456,lifted,walk
331464,lifted,cfg
331638,lifted,walk
331736,lifted,cfg
332008,lifted,cfg
332082,lifted,cfg
332356,skip,already-lib
332364,lifted,walk
332372,lifted,cfg
332564,lifted,walk
332574,lifted,cfg
332672,lifted,cfg
332778,lifted,cfg
333042,lifted,cfg
333220,lifted,walk
333296,lifted,walk
333304,skip,already-lib
333340,lifted,walk
333396,skip,already-lib
333404,lifted,walk
333412,lifted,cfg
333508,skip,already-lib
333516,lifted,cfg
333552,lifted,cfg
333648,lifted,cfg
333688,lifted,walk
333744,skip,already-lib
333752,lifted,walk
333760,lifted,cfg
333856,skip,already-lib
333864,lifted,walk
333872,lifted,cfg
333952,lifted,walk
333960,skip,already-lib
333968,lifted,walk
333976,lifted,walk
334004,lifted,walk
334168,skip,already-lib
334176,lifted,walk
334184,lifted,cfg
334510,skip,already-lib
334540,lifted,walk
334616,lifted,cfg
334796,lifted,cfg
335008,skip,already-lib
335038,lifted,walk
335100,lifted,cfg
335224,lifted,cfg
335260,lifted,cfg
335326,lifted,cfg
335366,lifted,cfg
335452,lifted,cfg
335570,lifted,cfg
335610,lifted,cfg
335666,skip,already-lib
335684,lifted,cfg
335732,lifted,walk
335788,skip,already-lib
335796,lifted,walk
335804,lifted,cfg
335900,skip,already-lib
335908,lifted,cfg
335944,lifted,cfg
336032,lifted,cfg
336096,lifted,cfg
336188,lifted,walk
336198,lifted,cfg
336250,lifted,cfg
336278,lifted,cfg
336344,lifted,cfg
336362,lifted,cfg
336526,lifted,cfg
336632,lifted,cfg
337088,skip,already-lib
337154,skip,already-lib
337250,lifted,cfg
337312,lifted,cfg
337466,lifted,cfg
337516,skip,already-lib
337538,skip,already-lib
337560,lifted,cfg
337592,lifted,cfg
337688,skip,already-lib
337696,lifted,walk
337704,lifted,cfg
337758,lifted,cfg
337802,lifted,cfg
337884,lifted,cfg
338004,skip,already-lib
338012,lifted,walk
338020,lifted,cfg
338116,skip,already-lib
338138,lifted,cfg
338288,lifted,cfg
338350,skip,already-lib
338364,skip,already-lib
338392,lifted,cfg
338450,skip,already-lib
338486,skip,already-lib
338522,skip,already-lib
338560,lifted,cfg
338668,lifted,cfg
338722,lifted,cfg
338828,lifted,cfg
338968,lifted,cfg
339022,lifted,cfg
339076,lifted,cfg
339156,lifted,cfg
339288,skip,already-lib
339346,skip,already-lib
339428,lifted,cfg
339472,lifted,cfg
339476,lifted,cfg
339580,skip,already-lib
339646,lifted,cfg
339752,lifted,cfg
340260,lifted,cfg
340292,lifted,cfg
340324,lifted,cfg
340642,lifted,cfg
340940,lifted,walk
340980,lifted,walk
340986,lifted,walk
340992,skip,already-lib
341098,lifted,cfg
341170,lifted,cfg
341292,skip,already-lib
341296,lifted,cfg
341392,skip,already-lib
341414,skip,already-lib
341452,skip,already-lib
341482,lifted,walk
341504,lifted,walk
341524,lifted,walk
341624,lifted,walk
341646,lifted,cfg
341686,lifted,cfg
341730,lifted,cfg
341752,lifted,walk
341758,lifted,cfg
341796,lifted,walk
341826,lifted,walk
341832,skip,already-lib
341872,skip,already-lib
341992,skip,already-lib
342014,skip,already-lib
342020,skip,already-lib
342054,skip,already-lib
342084,skip,already-lib
342114,skip,already-lib
342136,skip,already-lib
342160,skip,already-lib
342184,skip,already-lib
342256,skip,already-lib
342364,skip,already-lib
342464,skip,already-lib
342564,lifted,walk
342586,lifted,cfg
342626,lifted,walk
342648,lifted,walk
342686,lifted,walk
342708,lifted,cfg
342824,lifted,cfg
342868,lifted,cfg
342912,lifted,walk
342984,lifted,cfg
343134,lifted,walk
343186,lifted,cfg
343204,lifted,walk
343214,lifted,cfg
343288,lifted,cfg
343330,lifted,cfg
343448,lifted,cfg
343604,lifted,cfg
343798,lifted,walk
343972,skip,already-lib
344010,lifted,walk
344012,skip,already-lib
344064,lifted,"round 6: midfunc entry merged into parent; PASS 1/1 (diff-test, cases=1)"
344072,skip,already-lib
344158,lifted,walk
344264,lifted,cfg
344318,skip,already-lib
344390,skip,already-lib
344396,lifted,cfg
344410,skip,already-lib
344434,lifted,cfg
344518,lifted,walk
344560,skip,already-lib
344584,lifted,cfg
344682,lifted,cfg
344698,lifted,cfg
344992,lifted,cfg
345018,lifted,cfg
345530,lifted,cfg
345660,lifted,cfg
345670,lifted,cfg
345708,lifted,cfg
345848,lifted,walk
345850,skip,already-lib
345924,skip,already-lib
346056,skip,already-lib
346096,lifted,walk
346148,lifted,cfg
346314,lifted,walk
346368,lifted,cfg
346372,lifted,cfg
346636,skip,already-lib
346726,lifted,walk
346786,lifted,cfg
346822,lifted,cfg
346846,lifted,cfg
346884,lifted,cfg
346974,fragment,part-of-parent
346994,lifted,walk
347054,lifted,walk
347090,lifted,walk
347154,lifted,cfg
347240,lifted,walk
347278,lifted,walk
347300,lifted,walk
347322,lifted,walk
347344,lifted,walk
347366,lifted,walk
347388,lifted,walk
347410,lifted,walk
347412,lifted,walk
347432,lifted,walk
347454,lifted,walk
347476,lifted,walk
347498,lifted,walk
347520,lifted,walk
347542,lifted,walk
347580,lifted,walk
347602,lifted,walk
347624,lifted,walk
347660,lifted,walk
347682,lifted,walk
347704,lifted,walk
347726,lifted,walk
347748,lifted,walk
347770,lifted,walk
347792,lifted,walk
347828,lifted,walk
347850,lifted,walk
347886,lifted,cfg
348092,lifted,cfg
348112,lifted,cfg
348132,lifted,cfg
348152,lifted,cfg
348172,lifted,cfg
348192,lifted,cfg
348212,lifted,cfg
348232,lifted,cfg
348252,lifted,cfg
348272,lifted,cfg
348292,lifted,cfg
348324,lifted,cfg
348448,lifted,cfg
348498,lifted,cfg
348548,lifted,cfg
348598,lifted,cfg
348628,lifted,cfg
348658,lifted,cfg
348688,lifted,cfg
348764,lifted,cfg
348794,lifted,cfg
348824,lifted,cfg
348854,lifted,cfg
348868,lifted,cfg
348920,lifted,cfg
348950,lifted,cfg
348980,lifted,cfg
349010,lifted,cfg
349112,lifted,cfg
349142,lifted,cfg
349172,lifted,cfg
349202,lifted,cfg
349216,lifted,cfg
349246,lifted,cfg
349276,lifted,cfg
349306,lifted,cfg
349362,lifted,cfg
349366,lifted,cfg
349380,lifted,cfg
349476,lifted,cfg
349506,lifted,cfg
349536,lifted,cfg
349566,lifted,cfg
349608,lifted,cfg
349650,lifted,cfg
349680,lifted,cfg
349768,lifted,cfg
349824,lifted,cfg
349890,lifted,cfg
349924,lifted,cfg
350060,lifted,cfg
350122,lifted,cfg
350182,lifted,cfg
350216,lifted,cfg
350250,lifted,cfg
350348,lifted,cfg
350394,lifted,cfg
350428,lifted,cfg
350474,lifted,cfg
350546,lifted,cfg
350580,lifted,cfg
350626,lifted,cfg
350664,lifted,cfg
350690,lifted,cfg
350712,lifted,cfg
350768,lifted,cfg
351056,lifted,cfg
351136,lifted,cfg
351148,lifted,cfg
351160,lifted,cfg
351174,lifted,walk
351180,lifted,cfg
351232,lifted,cfg
351252,lifted,cfg
351524,lifted,walk
351568,lifted,cfg
351668,lifted,cfg
351694,lifted,cfg
351772,lifted,cfg
351804,lifted,cfg
351836,lifted,cfg
351842,lifted,cfg
351848,lifted,walk
351948,skip,already-lib
351982,skip,already-lib
352052,lifted,cfg
352478,lifted,cfg
352604,lifted,cfg
352764,skip,already-lib
352800,skip,already-lib
352896,lifted,cfg
353090,lifted,walk
353176,lifted,cfg
353848,lifted,cfg
353916,lifted,cfg
353980,lifted,walk
353984,lifted,walk
353988,skip,already-lib
353992,lifted,walk
353996,lifted,walk
354014,lifted,cfg
354086,lifted,walk
354094,skip,already-lib
354102,lifted,cfg
354184,lifted,walk
354192,lifted,walk
354200,lifted,walk
354208,lifted,walk
354224,lifted,walk
354232,skip,already-lib
354304,lifted,cfg
354386,lifted,walk
354394,lifted,walk
354402,lifted,walk
354410,lifted,walk
354426,skip,already-lib
354444,lifted,cfg
354524,lifted,cfg
354530,skip,already-lib
354592,lifted,cfg
354650,lifted,walk
354658,lifted,walk
354666,lifted,walk
354674,lifted,walk
354690,lifted,cfg
354696,skip,already-lib
354702,lifted,cfg
354760,lifted,walk
354768,lifted,walk
354776,lifted,walk
354784,lifted,walk
354800,lifted,cfg
354806,skip,already-lib
354872,lifted,cfg
354980,lifted,walk
354988,lifted,walk
354996,lifted,walk
355004,lifted,walk
355020,lifted,walk
355038,lifted,cfg
355102,lifted,"round 6: midfunc entry merged into parent; PASS 1/1 (diff-test, cases=1)"
355108,lifted,cfg
355172,lifted,cfg
355258,lifted,walk
355266,lifted,walk
355274,lifted,walk
355282,lifted,walk
355298,lifted,walk
355316,lifted,cfg
355408,lifted,"round 6: midfunc entry merged into parent; PASS 1/1 (diff-test, cases=1)"
355414,lifted,cfg
355472,lifted,cfg
355576,lifted,walk
355584,lifted,walk
355592,lifted,walk
355600,lifted,walk
355616,lifted,walk
355634,lifted,cfg
355726,lifted,"round 6: midfunc entry merged into parent; PASS 1/1 (diff-test, cases=1)"
355732,lifted,cfg
355800,lifted,cfg
355944,lifted,walk
355962,lifted,cfg
356054,lifted,"round 6: midfunc entry merged into parent; PASS 1/1 (diff-test, cases=1)"
356060,lifted,cfg
356128,lifted,cfg
356244,lifted,walk
356260,lifted,walk
356278,lifted,cfg
356370,lifted,"round 6: midfunc entry merged into parent; PASS 1/1 (diff-test, cases=1)"
356376,lifted,cfg
356440,lifted,cfg
356532,lifted,walk
356540,lifted,walk
356548,lifted,walk
356556,lifted,walk
356572,lifted,walk
356590,lifted,cfg
356654,lifted,"round 6: midfunc entry merged into parent; PASS 1/1 (diff-test, cases=1)"
356660,lifted,cfg
356720,lifted,cfg
356826,lifted,walk
356834,lifted,walk
356842,lifted,walk
356850,lifted,walk
356866,lifted,walk
356882,lifted,cfg
357086,lifted,cfg
357116,lifted,cfg
357146,lifted,cfg
357242,lifted,cfg
357316,lifted,walk
357324,lifted,walk
357332,lifted,walk
357340,lifted,walk
357356,lifted,walk
357364,lifted,walk
357372,lifted,walk
357380,lifted,walk
357396,lifted,walk
357412,lifted,cfg
357640,lifted,cfg
357670,lifted,cfg
357700,lifted,cfg
357796,skip,already-lib
357806,lifted,walk
357814,lifted,walk
357822,lifted,walk
357830,lifted,walk
357846,lifted,walk
357854,lifted,walk
357862,lifted,walk
357870,lifted,walk
357886,lifted,walk
357988,lifted,cfg
358080,lifted,"round 6: midfunc entry merged into parent; PASS 1/1 (diff-test, cases=1)"
358086,lifted,cfg
358092,lifted,cfg
358174,lifted,walk
358182,lifted,walk
358190,lifted,walk
358198,lifted,walk
358268,lifted,cfg
358316,lifted,walk
358324,skip,already-lib
358332,lifted,walk
358376,lifted,walk
358428,lifted,cfg
358512,lifted,cfg
358590,lifted,walk
358598,lifted,cfg
358654,skip,already-lib
358700,lifted,cfg
358788,lifted,cfg
358806,lifted,walk
358988,lifted,walk
359068,lifted,walk
359094,lifted,walk
359120,lifted,cfg
359230,lifted,walk
359260,skip,already-lib
359268,lifted,cfg
359314,lifted,walk
359320,lifted,walk
359352,lifted,cfg
359784,lifted,cfg
359872,lifted,walk
359956,lifted,walk
360224,skip,already-lib
360336,skip,already-lib
360388,skip,already-lib
360458,lifted,walk
360544,skip,already-lib
360688,lifted,cfg
360976,skip,already-lib
361064,skip,already-lib
361132,lifted,cfg
361784,skip,already-lib
361808,lifted,cfg
362056,skip,already-lib
362086,lifted,cfg
362328,skip,already-lib
362350,lifted,cfg
362392,lifted,cfg
362456,lifted,cfg
362586,lifted,cfg
362728,lifted,cfg
362778,skip,already-lib
362816,lifted,cfg
363052,lifted,cfg
363118,lifted,walk
363136,skip,already-lib
363162,lifted,walk
363180,lifted,cfg
363376,lifted,walk
363390,lifted,walk
363408,skip,already-lib
363436,skip,already-lib
363870,lifted,cfg
363988,lifted,cfg
364018,lifted,walk
364058,skip,already-lib
364112,lifted,cfg
364236,lifted,cfg
364474,lifted,cfg
365040,lifted,cfg
365136,lifted,cfg
365280,lifted,cfg
365522,lifted,cfg
365760,lifted,cfg
365978,lifted,cfg
366398,lifted,walk
366404,lifted,cfg
366598,lifted,walk
366600,skip,already-lib
366694,skip,already-lib
366724,lifted,cfg
366878,lifted,walk
366890,lifted,cfg
367190,lifted,cfg
367330,lifted,cfg
367402,lifted,cfg
367620,lifted,cfg
367730,skip,already-lib
367746,lifted,cfg
367832,lifted,cfg
368032,lifted,walk
368068,lifted,cfg
368126,lifted,walk
368180,lifted,walk
368264,lifted,walk
368318,lifted,walk
368372,lifted,walk
368444,lifted,cfg
368448,lifted,cfg
368604,lifted,cfg
368814,skip,already-lib
369012,lifted,walk
369104,lifted,cfg
369108,lifted,cfg
369126,lifted,cfg
369392,skip,already-lib
369464,lifted,walk
369478,lifted,walk
369538,lifted,cfg
369590,skip,already-lib
369630,lifted,walk
369692,skip,already-lib
369724,lifted,cfg
370268,lifted,cfg
370496,lifted,cfg
370572,lifted,walk
370670,lifted,cfg
370708,lifted,cfg
370912,lifted,cfg
371188,lifted,cfg
371412,lifted,cfg
371632,lifted,cfg
371852,lifted,cfg
372060,skip,already-lib
372280,skip,already-lib
372500,skip,already-lib
372720,lifted,cfg
372992,lifted,cfg
373148,skip,already-lib
373380,lifted,cfg
373652,lifted,cfg
373924,lifted,cfg
374196,lifted,cfg
374416,lifted,cfg
374636,lifted,cfg
374856,lifted,cfg
375076,lifted,cfg
375296,lifted,cfg
375516,lifted,cfg
375672,lifted,cfg
375872,lifted,cfg
376088,lifted,cfg
376266,skip,already-lib
376466,lifted,cfg
376520,lifted,cfg
376684,lifted,cfg
376748,lifted,cfg
376868,lifted,walk
376932,lifted,walk
376996,lifted,cfg
377288,lifted,cfg
377640,skip,already-lib
377802,lifted,walk
377846,lifted,cfg
377904,lifted,cfg
377908,lifted,cfg
378088,skip,already-lib
378216,lifted,walk
378276,lifted,cfg
378328,skip,already-lib
378376,skip,already-lib
378412,skip,already-lib
378468,skip,already-lib
378688,lifted,cfg
378704,lifted,cfg
378900,lifted,cfg
379070,lifted,cfg
379308,skip,already-lib
379380,lifted,walk
379394,lifted,walk
379454,lifted,cfg
379514,lifted,walk
379550,lifted,walk
379620,skip,already-lib
379652,lifted,walk
379738,skip,already-lib
379834,lifted,cfg
379876,lifted,cfg
379918,lifted,cfg
380094,skip,already-lib
380204,skip,already-lib
380392,lifted,walk
380416,lifted,cfg
380482,lifted,walk
380528,skip,already-lib
380756,skip,already-lib
380844,lifted,cfg
380912,lifted,cfg
381104,lifted,cfg
385496,lifted,walk
385542,skip,already-lib
385628,lifted,cfg
385638,lifted,cfg
385648,lifted,cfg
385686,lifted,cfg
385724,skip,already-lib
385742,skip,already-lib
385788,skip,already-lib
385920,skip,already-lib
385982,lifted,cfg
386068,lifted,cfg
386164,lifted,cfg
386270,lifted,walk
386274,lifted,cfg
386340,lifted,walk
386380,skip,already-lib
386424,lifted,walk
386430,lifted,walk
386436,lifted,walk
386442,lifted,walk
386448,lifted,cfg
386468,skip,already-lib
386490,lifted,walk
386504,lifted,cfg
386544,skip,already-lib
386558,skip,already-lib
386564,skip,already-lib
386570,skip,already-lib
386628,skip,already-lib
386632,lifted,cfg
386646,skip,already-lib
386680,lifted,cfg
386704,skip,already-lib
386718,lifted,cfg
386722,lifted,cfg
386816,lifted,cfg
386860,skip,already-lib
387066,lifted,walk
387148,skip,already-lib
387352,lifted,cfg
387388,lifted,walk
387412,lifted,cfg
387712,lifted,walk
387746,lifted,walk
387772,lifted,cfg
387838,lifted,cfg
387964,lifted,walk
387988,lifted,cfg
388024,lifted,cfg
388048,lifted,walk
388076,skip,already-lib
388104,lifted,cfg
388200,skip,already-lib
388258,skip,already-lib
388456,lifted,cfg
388530,lifted,cfg
388616,skip,already-lib
388620,lifted,walk
388644,skip,already-lib
388648,lifted,cfg
388688,skip,already-lib
388718,skip,already-lib
388734,lifted,walk
388738,lifted,walk
388742,lifted,cfg
389038,skip,already-lib
389094,skip,already-lib
389134,skip,already-lib
389474,lifted,cfg
389560,lifted,cfg
389790,lifted,walk
389870,lifted,cfg
389976,skip,already-lib
390006,skip,already-lib
390022,lifted,cfg
390148,lifted,cfg
390506,skip,already-lib
390550,lifted,cfg
390598,lifted,cfg
390814,skip,already-lib
390860,lifted,walk
390912,lifted,cfg
391154,lifted,cfg
391206,skip,already-lib
391240,lifted,cfg
391316,skip,already-lib
391382,skip,already-lib
391428,skip,already-lib
391518,skip,already-lib
391554,lifted,cfg
392158,lifted,cfg
392512,skip,already-lib
392886,lifted,cfg
393456,lifted,cfg
393636,lifted,walk
393642,lifted,walk
393704,skip,already-lib
393898,lifted,cfg
394198,lifted,walk
394212,lifted,walk
394226,skip,already-lib
394264,lifted,walk
394364,lifted,cfg
394756,skip,already-lib
394762,lifted,walk
394776,lifted,cfg
395168,lifted,cfg
395440,lifted,cfg
395568,lifted,walk
395632,skip,already-lib
395736,skip,already-lib
395816,skip,already-lib
395884,skip,already-lib
395976,skip,already-lib
396172,skip,already-lib
396240,skip,already-lib
396364,lifted,cfg
396432,skip,already-lib
396448,skip,already-lib
396560,skip,already-lib
396896,lifted,cfg
397144,skip,already-lib
397252,lifted,cfg
397456,skip,already-lib
397706,skip,already-lib
397736,skip,already-lib
397766,lifted,walk
397796,skip,already-lib
397832,skip,already-lib
397868,lifted,cfg
398232,lifted,"round 6: midfunc entry merged into parent; PASS 1/1 (diff-test, cases=1)"
398424,lifted,cfg
398592,skip,already-lib
398736,lifted,walk
398876,lifted,cfg
399006,lifted,cfg
399048,skip,already-lib
399080,skip,already-lib
399162,skip,already-lib
399194,skip,already-lib
399276,skip,already-lib
399390,skip,already-lib
399504,skip,already-lib
399638,skip,already-lib
399670,lifted,cfg
399752,skip,already-lib
399784,skip,already-lib
399866,skip,already-lib
399980,lifted,cfg
400026,lifted,cfg
400108,lifted,cfg
400154,lifted,cfg
400250,lifted,cfg
400518,lifted,cfg
400808,lifted,cfg
400944,skip,already-lib
401118,lifted,walk
401264,lifted,cfg
401398,lifted,cfg
401676,lifted,cfg
401746,lifted,cfg
401874,lifted,cfg
401936,lifted,cfg
402018,lifted,cfg
402056,lifted,cfg
402124,lifted,cfg
402244,lifted,cfg
402378,lifted,cfg
402512,lifted,cfg
402628,lifted,cfg
402700,lifted,cfg
402906,lifted,cfg
403068,skip,already-lib
403220,lifted,walk
403304,lifted,walk
403388,lifted,walk
403436,lifted,walk
403540,lifted,cfg
403700,lifted,walk
403706,lifted,cfg
403832,skip,already-lib
403940,lifted,cfg
403986,skip,already-lib
404068,lifted,cfg
404260,skip,already-lib
404312,lifted,cfg
404392,skip,already-lib
404426,lifted,cfg
404482,skip,already-lib
404554,lifted,cfg
404648,lifted,cfg
404744,skip,already-lib
404846,lifted,cfg
404948,skip,already-lib
404994,skip,already-lib
405020,lifted,walk
405024,skip,already-lib
405068,skip,already-lib
405264,lifted,cfg
405612,lifted,cfg
405948,lifted,cfg
406018,lifted,walk
406024,lifted,cfg
406114,lifted,cfg
406244,lifted,cfg
406560,skip,already-lib
406884,skip,already-lib
407140,skip,already-lib
407190,lifted,cfg
407466,skip,already-lib
407488,skip,already-lib
407508,lifted,cfg
407604,lifted,cfg
407684,lifted,cfg
407802,lifted,cfg
407932,skip,already-lib
408026,lifted,cfg
408136,lifted,cfg
408310,skip,already-lib
408416,skip,already-lib
408484,lifted,cfg
408580,lifted,cfg
408628,lifted,cfg
408784,skip,already-lib
408944,lifted,cfg
409228,skip,already-lib
409300,skip,already-lib
409350,skip,already-lib
409376,lifted,cfg
409416,lifted,cfg
409472,lifted,cfg
409704,lifted,walk
409712,lifted,cfg
409788,skip,already-lib
409868,lifted,cfg
410150,lifted,cfg
410224,lifted,cfg
410804,lifted,cfg
410876,lifted,cfg
411000,lifted,cfg
411462,lifted,cfg
411584,lifted,cfg
411782,lifted,cfg
411880,lifted,cfg
412096,lifted,cfg
412258,lifted,cfg
412298,lifted,cfg
412380,lifted,cfg
412592,lifted,cfg
413036,lifted,cfg
413108,lifted,walk
413168,lifted,cfg
413206,lifted,cfg
413372,lifted,cfg
413456,lifted,cfg
413544,lifted,cfg
413594,lifted,cfg
413624,skip,already-lib
413704,skip,already-lib
413722,lifted,cfg
413880,lifted,cfg
414090,lifted,walk
414094,lifted,cfg
414266,lifted,cfg
414382,lifted,walk
414448,skip,already-lib
414518,skip,already-lib
414536,lifted,cfg
414696,lifted,walk
414700,lifted,cfg
414816,lifted,cfg
414846,lifted,walk
414874,lifted,cfg
415036,skip,already-lib
415088,lifted,cfg
415140,lifted,cfg
415360,lifted,cfg
415520,skip,already-lib
415562,lifted,cfg
415734,lifted,cfg
415868,lifted,cfg
416144,lifted,cfg
416300,lifted,walk
416336,lifted,cfg
416434,skip,already-lib
416456,skip,already-lib
416480,skip,already-lib
416588,lifted,cfg
416732,lifted,walk
416768,skip,already-lib
416790,skip,already-lib
416828,skip,already-lib
416976,skip,already-lib
417126,lifted,walk
417288,lifted,cfg
417440,lifted,walk
417458,lifted,cfg
417508,lifted,cfg
417558,lifted,cfg
417580,skip,already-lib
417636,lifted,cfg
417720,skip,already-lib
417742,lifted,cfg
417826,skip,already-lib
417872,skip,already-lib
417896,lifted,cfg
418018,lifted,cfg
418070,lifted,cfg
418190,skip,already-lib
418212,lifted,cfg
418316,lifted,cfg
418432,skip,already-lib
418580,lifted,walk
418680,lifted,cfg
418822,lifted,walk
418840,lifted,walk
418888,lifted,cfg
418936,lifted,cfg
418988,lifted,cfg
419062,skip,already-lib
419082,lifted,cfg
419156,skip,already-lib
419176,lifted,cfg
419250,lifted,cfg
419368,lifted,cfg
419380,lifted,cfg
419408,lifted,cfg
419452,lifted,cfg
419496,lifted,cfg
419540,lifted,cfg
419596,skip,already-lib
419688,skip,already-lib
419840,lifted,cfg
419924,skip,already-lib
419994,lifted,cfg
420240,lifted,cfg
420302,skip,already-lib
420372,skip,already-lib
420468,skip,already-lib
420522,lifted,cfg
420662,lifted,cfg
421000,skip,already-lib
421028,skip,already-lib
421060,lifted,walk
421148,lifted,cfg
421284,lifted,cfg
421432,skip,already-lib
421518,skip,already-lib
421648,skip,already-lib
421752,skip,already-lib
421864,skip,already-lib
421890,skip,already-lib
421916,skip,already-lib
421972,skip,already-lib
421990,lifted,cfg
422068,lifted,walk
422104,lifted,walk
422166,lifted,cfg
422232,lifted,cfg
422324,lifted,walk
422400,skip,already-lib
422426,lifted,cfg
422492,lifted,walk
422534,lifted,cfg
422708,lifted,cfg
422774,lifted,cfg
422872,lifted,cfg
422912,lifted,cfg
422930,lifted,cfg
422966,lifted,cfg
423048,lifted,cfg
423064,lifted,walk
423094,skip,already-lib
423128,skip,already-lib
423240,skip,already-lib
423304,lifted,walk
423312,lifted,cfg
423494,skip,already-lib
423508,lifted,walk
423514,lifted,walk
423520,skip,already-lib
423526,lifted,walk
423532,skip,already-lib
423538,lifted,cfg
423580,lifted,cfg
423726,lifted,cfg
487623,stubbed,"callee-cfg 487623 ('unmapped', 487623)"
487629,stubbed,callee-no-span
