src,name,address
REDACTED,Barometric Pressure Sensor Max ADC Count,0x06cf6c
REDACTED,Barometric Pressure Sensor Min ADC Count,0x06cf6e
REDACTED,Barometric Pressure Sensor Min Voltage,0x07a930
REDACTED,Barometric Pressure Sensor Max Voltage,0x07a934
REDACTED,Barometric Pressure Sensor Slope,0x07a9c0
REDACTED,Barometric Pressure Sensor Offset,0x07a9bc
REDACTED,Cold Rev Limit,0x06d544
REDACTED,Cold Rev Limit Threshold,0x06d53c
REDACTED,Primary Injector Size,0x0783a0
REDACTED,Secondary Injector Size,0x0783a8
REDACTED,Secondary Injector Size #2,0x0783b0
REDACTED,Rev Limit,0x06d54c
REDACTED,Maximum Throttle Angle,0x073f6c
REDACTED,Auxillary Valve Close,0x078cc0
REDACTED,VDI Open,0x07a5a4
REDACTED,Table 2D - 0_,0x06cfe4
REDACTED,Y,0x06cfa4
REDACTED,Table 2D - 1_,0x06d034
REDACTED,Y,0x06cff4
REDACTED,Table 2D - 2_,0x06d084
REDACTED,Y,0x06d044
REDACTED,Table 2D - 3_,0x06d114
REDACTED,Y,0x06d0ec
REDACTED,Table 2D - 4_,0x06d138
REDACTED,Y,0x06d120
REDACTED,Idle Related,0x06d1e0
REDACTED,Y,0x06d1a0
REDACTED,Ignition Maybe Idle Base,0x06d59c
REDACTED,Y,0x06d584
REDACTED,Ignition Temp Correction?,0x06d5c8
REDACTED,Y,0x06d5a4
REDACTED,Ignition 2,0x06d5ec
REDACTED,Y,0x06d5d4
REDACTED,Ignition Leading 0,0x06d618
REDACTED,Y,0x06d5f4
REDACTED,Table 2D - 10_,0x06e4bc
REDACTED,Y,0x06e4a4
REDACTED,Table 2D - 11_,0x06e4e0
REDACTED,Y,0x06e4c8
REDACTED,Table 2D - 12_,0x06e504
REDACTED,Y,0x06e4ec
REDACTED,Table 2D - 13_,0x06e528
REDACTED,Y,0x06e510
REDACTED,Table 2D - 14_,0x06e54c
REDACTED,Y,0x06e534
REDACTED,Table 2D - 15_,0x06e570
REDACTED,Y,0x06e558
REDACTED,Table 2D - 16_,0x06e5bc
REDACTED,Y,0x06e57c
REDACTED,Table 2D - 17_,0x06e6f0
REDACTED,Y,0x06e6d4
REDACTED,Table 2D - 18_,0x06e714
REDACTED,Y,0x06e6f8
REDACTED,Table 2D - 19_,0x06e738
REDACTED,Y,0x06e71c
REDACTED,Table 2D - 20_,0x06e75c
REDACTED,Y,0x06e740
REDACTED,Table 2D - 21_,0x06e780
REDACTED,Y,0x06e764
REDACTED,Table 2D - 22_,0x06e7a4
REDACTED,Y,0x06e788
REDACTED,Table 2D - 23_,0x06e7f8
REDACTED,Y,0x06e7ac
REDACTED,Table 2D - 24_,0x06e84c
REDACTED,Y,0x06e820
REDACTED,Idle Target,0x06e880
REDACTED,Y,0x06e864
REDACTED,Idle Target 0,0x06e8c0
REDACTED,Y,0x06e890
REDACTED,Idle Target 1,0x06e908
REDACTED,Y,0x06e8d8
REDACTED,Idle Target 2,0x06e950
REDACTED,Y,0x06e920
REDACTED,Idle Target 3,0x06e998
REDACTED,Y,0x06e968
REDACTED,Idle Target 4,0x06e9cc
REDACTED,Y,0x06e9b0
REDACTED,Idle Target 5,0x06e9f8
REDACTED,Y,0x06e9dc
REDACTED,Idle Target 6,0x06ea24
REDACTED,Y,0x06ea08
REDACTED,Idle Target 7,0x06ea50
REDACTED,Y,0x06ea34
REDACTED,Table 2D - 34_,0x06eaf8
REDACTED,Y,0x06ead4
REDACTED,Table 2D - 35_,0x06eb28
REDACTED,Y,0x06eb04
REDACTED,Table 2D - 36_,0x06eb58
REDACTED,Y,0x06eb34
REDACTED,Table 2D - 37_,0x06eb88
REDACTED,Y,0x06eb64
REDACTED,Table 2D - 38_,0x06eba8
REDACTED,Y,0x06eb94
REDACTED,Table 2D - 39_,0x06ebc8
REDACTED,Y,0x06ebb0
REDACTED,Table 2D - 40_,0x06ec08
REDACTED,Y,0x06ebd0
REDACTED,Table 2D - 41_,0x06ec44
REDACTED,Y,0x06ec34
REDACTED,Table 2D - 42_,0x06ec70
REDACTED,Y,0x06ec4c
REDACTED,Table 2D - 43_,0x06eca8
REDACTED,Y,0x06ec84
REDACTED,Table 2D - 44_,0x06ece0
REDACTED,Y,0x06ecbc
REDACTED,Table 2D - 45_,0x06ed08
REDACTED,Y,0x06ecf4
REDACTED,Table 2D - 46_,0x06ed3c
REDACTED,Y,0x06ed18
REDACTED,Ignition 4,0x06f78c
REDACTED,Y,0x06f75c
REDACTED,Ignition 5,0x06f79c
REDACTED,Y,0x06f798
REDACTED,Ignition 6,0x06f7d0
REDACTED,Y,0x06f7a0
REDACTED,Ignition 7,0x06f7e0
REDACTED,Y,0x06f7dc
REDACTED,Ignition 8,0x06f7e8
REDACTED,Y,0x06f7e4
REDACTED,Ignition 9,0x06f7f0
REDACTED,Y,0x06f7ec
REDACTED,Ignition 10,0x06f7f8
REDACTED,Y,0x06f7f4
REDACTED,Ignition 11,0x06f800
REDACTED,Y,0x06f7fc
REDACTED,Ignition 12,0x06f808
REDACTED,Y,0x06f804
REDACTED,Ignition 13,0x06f810
REDACTED,Y,0x06f80c
REDACTED,Table 2D - 57_,0x06f878
REDACTED,Y,0x06f848
REDACTED,Table 2D - 58_,0x06fab0
REDACTED,Y,0x06fa9c
REDACTED,Table 2D - 59_,0x06fee4
REDACTED,Y,0x06feb8
REDACTED,Table 2D - 60_,0x070084
REDACTED,Y,0x07005c
REDACTED,Table 2D - 61_,0x0700b0
REDACTED,Y,0x070090
REDACTED,Table 2D - 62_,0x0700e0
REDACTED,Y,0x0700b8
REDACTED,Table 2D - 63_,0x070110
REDACTED,Y,0x0700ec
REDACTED,Table 2D - 64_,0x070230
REDACTED,Y,0x0701f0
REDACTED,Table 2D - 65_,0x070264
REDACTED,Y,0x070240
REDACTED,Table 2D - 66_,0x07027c
REDACTED,Y,0x070270
REDACTED,Table 2D - 67_,0x0702a4
REDACTED,Y,0x070280
REDACTED,Table 2D - 68_,0x070334
REDACTED,Y,0x0702f8
REDACTED,Table 2D - 69_,0x0703bc
REDACTED,Y,0x0703a0
REDACTED,Table 2D - 70_,0x0715bc
REDACTED,Y,0x07158c
REDACTED,Table 2D - 71_,0x0715f8
REDACTED,Y,0x0715c8
REDACTED,Table 2D - 72_,0x071634
REDACTED,Y,0x071604
REDACTED,Table 2D - 73_,0x071664
REDACTED,Y,0x071640
REDACTED,Table 2D - 74_,0x071694
REDACTED,Y,0x071670
REDACTED,Table 2D - 75_,0x0716c4
REDACTED,Y,0x0716a0
REDACTED,Table 2D - 76_,0x0716f4
REDACTED,Y,0x0716d0
REDACTED,Table 2D - 77_,0x071724
REDACTED,Y,0x071700
REDACTED,Table 2D - 78_,0x071754
REDACTED,Y,0x071730
REDACTED,Table 2D - 79_,0x0717bc
REDACTED,Y,0x071798
REDACTED,Table 2D - 80_,0x0717f4
REDACTED,Y,0x0717d0
REDACTED,Table 2D - 81_,0x071828
REDACTED,Y,0x071808
REDACTED,Table 2D - 82_,0x071868
REDACTED,Y,0x071838
REDACTED,Table 2D - 83_,0x071a78
REDACTED,Y,0x071a50
REDACTED,Table 2D - 84_,0x071acc
REDACTED,Y,0x071aa4
REDACTED,Table 2D - 85_,0x071b08
REDACTED,Y,0x071ae0
REDACTED,Fuelling - Safe Mode,0x071cd0
REDACTED,Y,0x071cac
REDACTED,Fuelling 0,0x071ce0
REDACTED,Y,0x071cdc
REDACTED,Fuelling 1,0x071d00
REDACTED,Y,0x071ce4
REDACTED,Fuelling 2 - Safe Mode,0x071d2c
REDACTED,Y,0x071d08
REDACTED,Fuelling 3,0x071d5c
REDACTED,Y,0x071d38
REDACTED,Fuelling 4,0x071d84
REDACTED,Y,0x071d68
REDACTED,Fuelling 5,0x071dd4
REDACTED,Y,0x071d8c
REDACTED,Fuelling 6,0x071e30
REDACTED,Y,0x071de8
REDACTED,Fuelling 7,0x071e8c
REDACTED,Y,0x071e44
REDACTED,Table 2D - 95_,0x071ed0
REDACTED,Y,0x071ea0
REDACTED,Table 2D - 96_,0x071f28
REDACTED,Y,0x071edc
REDACTED,Table 2D - 97_,0x071f84
REDACTED,Y,0x071f3c
REDACTED,Table 2D - 98_,0x071f9c
REDACTED,Y,0x071f98
REDACTED,Table 2D - 99_,0x071fe8
REDACTED,Y,0x071fa0
REDACTED,Table 2D - 100_,0x072000
REDACTED,Y,0x071ffc
REDACTED,Table 2D - 101_,0x07204c
REDACTED,Y,0x072004
REDACTED,Table 2D - 102_,0x072064
REDACTED,Y,0x072060
REDACTED,Fuelling 8,0x072084
REDACTED,Y,0x072068
REDACTED,Table 2D - 104_,0x072c20
REDACTED,Y,0x072bfc
REDACTED,Table 2D - 105_,0x072c50
REDACTED,Y,0x072c2c
REDACTED,Table 2D - 106_,0x072cac
REDACTED,Y,0x072c88
REDACTED,Table 2D - 107_,0x072cdc
REDACTED,Y,0x072cb8
REDACTED,Table 2D - 108_,0x072d0c
REDACTED,Y,0x072ce8
REDACTED,Table 2D - 109_,0x072d3c
REDACTED,Y,0x072d18
REDACTED,Table 2D - 110_,0x072dd0
REDACTED,Y,0x072d78
REDACTED,Table 2D - 111_,0x072e40
REDACTED,Y,0x072de8
REDACTED,Table 2D - 112_,0x072e84
REDACTED,Y,0x072e60
REDACTED,Table 2D - 113_,0x072eb4
REDACTED,Y,0x072e90
REDACTED,Table 2D - 114_,0x072edc
REDACTED,Y,0x072ec0
REDACTED,Table 2D - 115_,0x072f08
REDACTED,Y,0x072eec
REDACTED,Table 2D - 116_,0x072f34
REDACTED,Y,0x072f18
REDACTED,Table 2D - 117_,0x072f64
REDACTED,Y,0x072f4c
REDACTED,Table 2D - 118_,0x072fc8
REDACTED,Y,0x072f7c
REDACTED,Table 2D - 119_,0x073778
REDACTED,Y,0x073768
REDACTED,Table 2D - 120_,0x0737bc
REDACTED,Y,0x07377c
REDACTED,Table 2D - 121_,0x073b70
REDACTED,Y,0x073b1c
REDACTED,Table 2D - 122_,0x073bbc
REDACTED,Y,0x073b88
REDACTED,Table 2D - 123_,0x073c00
REDACTED,Y,0x073bcc
REDACTED,Table 2D - 124_,0x073c50
REDACTED,Y,0x073c24
REDACTED,Table 2D - 125_,0x073c88
REDACTED,Y,0x073c5c
REDACTED,Table 2D - 126_,0x073cc0
REDACTED,Y,0x073c94
REDACTED,Table 2D - 127_,0x073d28
REDACTED,Y,0x073cf8
REDACTED,Table 2D - 128_,0x073db4
REDACTED,Y,0x073da0
REDACTED,Table 2D - 129_,0x073dd0
REDACTED,Y,0x073dbc
REDACTED,Table 2D - 130_,0x073dec
REDACTED,Y,0x073dd8
REDACTED,Table 2D - 131_,0x073fb8
REDACTED,Y,0x073f98
REDACTED,Table 2D - 132_,0x073fe0
REDACTED,Y,0x073fc0
REDACTED,Table 2D - 133_,0x074008
REDACTED,Y,0x073fe8
REDACTED,Table 2D - 134_,0x074030
REDACTED,Y,0x074010
REDACTED,Table 2D - 135_,0x074054
REDACTED,Y,0x074038
REDACTED,Table 2D - 136_,0x074078
REDACTED,Y,0x07405c
REDACTED,Table 2D - 137_,0x0740ac
REDACTED,Y,0x074080
REDACTED,Table 2D - 138_,0x0740e4
REDACTED,Y,0x0740b8
REDACTED,Table 2D - 139_,0x074110
REDACTED,Y,0x0740f0
REDACTED,Table 2D - 140_,0x074138
REDACTED,Y,0x074118
REDACTED,Table 2D - 141_,0x074160
REDACTED,Y,0x074140
REDACTED,Table 2D - 142_,0x074188
REDACTED,Y,0x074168
REDACTED,Table 2D - 143_,0x0741ac
REDACTED,Y,0x074190
REDACTED,Table 2D - 144_,0x075054
REDACTED,Y,0x075030
REDACTED,Table 2D - 145_,0x0750b0
REDACTED,Y,0x075068
REDACTED,Table 2D - 146_,0x0750f8
REDACTED,Y,0x0750d4
REDACTED,Table 2D - 147_,0x075130
REDACTED,Y,0x07510c
REDACTED,Table 2D - 148_,0x0752e0
REDACTED,Y,0x0752c4
REDACTED,Table 2D - 149_,0x07530c
REDACTED,Y,0x0752e8
REDACTED,Table 2D - 150_,0x07534c
REDACTED,Y,0x075320
REDACTED,Table 2D - 151_,0x075398
REDACTED,Y,0x075364
REDACTED,Table 2D - 152_,0x0753d8
REDACTED,Y,0x0753b4
REDACTED,Table 2D - 153_,0x075410
REDACTED,Y,0x0753ec
REDACTED,Table 2D - 154_,0x075448
REDACTED,Y,0x075424
REDACTED,Table 2D - 155_,0x075480
REDACTED,Y,0x07545c
REDACTED,Table 2D - 156_,0x0755b8
REDACTED,Y,0x075594
REDACTED,Table 2D - 157_,0x0759cc
REDACTED,Y,0x075984
REDACTED,Table 2D - 158_,0x075bf8
REDACTED,Y,0x075bc4
REDACTED,Table 2D - 159_,0x075c48
REDACTED,Y,0x075c14
REDACTED,Table 2D - 160_,0x076034
REDACTED,Y,0x075fec
REDACTED,Table 2D - 161_,0x07607c
REDACTED,Y,0x076058
REDACTED,Table 2D - 162_,0x0760a4
REDACTED,Y,0x076090
REDACTED,Table 2D - 163_,0x076b28
REDACTED,Y,0x076b18
REDACTED,Table 2D - 164_,0x0778f0
REDACTED,Y,0x0778ec
REDACTED,Table 2D - 165_,0x0778f8
REDACTED,Y,0x0778f4
REDACTED,Table 2D - 166_,0x0779d8
REDACTED,Y,0x0779b8
REDACTED,Table 2D - 167_,0x0779fc
REDACTED,Y,0x0779e0
REDACTED,Table 2D - 168_,0x077a28
REDACTED,Y,0x077a0c
REDACTED,Table 2D - 169_,0x077b44
REDACTED,Y,0x077b34
REDACTED,Table 2D - 170_,0x077b90
REDACTED,Y,0x077b4c
REDACTED,Table 2D - 171_,0x07829c
REDACTED,Y,0x078284
REDACTED,Table 2D - 172_,0x0782b8
REDACTED,Y,0x0782a4
REDACTED,Table 2D - 173_,0x0782c4
REDACTED,Y,0x0782c0
REDACTED,Table 2D - 174_,0x0782d4
REDACTED,Y,0x0782c8
REDACTED,Table 2D - 175_,0x078318
REDACTED,Y,0x0782e8
REDACTED,Table 2D - 176_,0x078364
REDACTED,Y,0x078330
REDACTED,Table 2D - 177_,0x07845c
REDACTED,Y,0x078418
REDACTED,Table 2D - 178_,0x078490
REDACTED,Y,0x078470
REDACTED,Table 2D - 179_,0x07853c
REDACTED,Y,0x078518
REDACTED,Table 2D - 180_,0x07856c
REDACTED,Y,0x078548
REDACTED,Table 2D - 181_,0x07859c
REDACTED,Y,0x078578
REDACTED,Table 2D - 182_,0x0785f4
REDACTED,Y,0x0785b0
REDACTED,Table 2D - 183_,0x07863c
REDACTED,Y,0x078618
REDACTED,Table 2D - 184_,0x078a00
REDACTED,Y,0x0789d0
REDACTED,Table 2D - 185_,0x078a30
REDACTED,Y,0x078a0c
REDACTED,Table 2D - 186_,0x078a6c
REDACTED,Y,0x078a3c
REDACTED,Table 2D - 187_,0x078a9c
REDACTED,Y,0x078a78
REDACTED,Table 2D - 188_,0x078ad8
REDACTED,Y,0x078aa8
REDACTED,Table 2D - 189_,0x078b08
REDACTED,Y,0x078ae4
REDACTED,Table 2D - 190_,0x078b38
REDACTED,Y,0x078b14
REDACTED,Table 2D - 191_,0x078b68
REDACTED,Y,0x078b44
REDACTED,Table 2D - 192_,0x078ba0
REDACTED,Y,0x078b74
REDACTED,Table 2D - 193_,0x078be8
REDACTED,Y,0x078bb8
REDACTED,Table 2D - 194_,0x078c68
REDACTED,Y,0x078c4c
REDACTED,Table 2D - 195_,0x078c74
REDACTED,Y,0x078c70
REDACTED,Table 2D - 196_,0x078dc0
REDACTED,Y,0x078d9c
REDACTED,Table 2D - 197_,0x078df8
REDACTED,Y,0x078dd4
REDACTED,Table 2D - 198_,0x078f90
REDACTED,Y,0x078f84
REDACTED,Table 2D - 199_,0x079334
REDACTED,Y,0x07930c
REDACTED,Table 2D - 200_,0x0794b0
REDACTED,Y,0x079470
REDACTED,Table 2D - 201_,0x079510
REDACTED,Y,0x0794d0
REDACTED,Table 2D - 202_,0x0796e8
REDACTED,Y,0x0796bc
REDACTED,Table 2D - 203_,0x079728
REDACTED,Y,0x0796f4
REDACTED,Table 2D - 204_,0x079790
REDACTED,Y,0x079770
REDACTED,Table 2D - 205_,0x0797c8
REDACTED,Y,0x079798
REDACTED,Table 2D - 206_,0x079814
REDACTED,Y,0x0797d4
REDACTED,Table 2D - 207_,0x0798b8
REDACTED,Y,0x0798a4
REDACTED,Table 2D - 208_,0x0798d0
REDACTED,Y,0x0798c0
REDACTED,Table 2D - 209_,0x0798e8
REDACTED,Y,0x0798d4
REDACTED,Table 2D - 210_,0x079920
REDACTED,Y,0x0798f0
REDACTED,Table 2D - 211_,0x07995c
REDACTED,Y,0x07992c
REDACTED,Table 2D - 212_,0x0799a0
REDACTED,Y,0x079980
REDACTED,Table 2D - 213_,0x0799b8
REDACTED,Y,0x0799a8
REDACTED,Table 2D - 214_,0x0799f8
REDACTED,Y,0x0799c0
REDACTED,Table 2D - 215_,0x079a1c
REDACTED,Y,0x079a14
REDACTED,Table 2D - 216_,0x079c18
REDACTED,Y,0x079bf0
REDACTED,Table 2D - 217_,0x079c48
REDACTED,Y,0x079c24
REDACTED,Table 2D - 218_,0x079c74
REDACTED,Y,0x079c54
REDACTED,Table 2D - 219_,0x079cb4
REDACTED,Y,0x079c7c
REDACTED,Table 2D - 220_,0x079d08
REDACTED,Y,0x079cd0
REDACTED,Table 2D - 221_,0x079d5c
REDACTED,Y,0x079d24
REDACTED,Table 2D - 222_,0x07a070
REDACTED,Y,0x07a028
REDACTED,Table 2D - 223_,0x07a0b4
REDACTED,Y,0x07a094
REDACTED,Table 2D - 224_,0x07a0e4
REDACTED,Y,0x07a0c4
REDACTED,Table 2D - 225_,0x07a118
REDACTED,Y,0x07a0f4
REDACTED,Table 2D - 226_,0x07a150
REDACTED,Y,0x07a12c
REDACTED,Knock Voltage To Magnitude,0x07a318
REDACTED,Y,0x07a230
REDACTED,Table 2D - 228_,0x07a554
REDACTED,Y,0x07a538
REDACTED,Table 2D - 229_,0x07a58c
REDACTED,Y,0x07a55c
REDACTED,Airflow Or Load Related,0x07a628
REDACTED,Y,0x07a600
REDACTED,MAF Related,0x07a65c
REDACTED,Y,0x07a63c
REDACTED,Table 2D - 232_,0x07a698
REDACTED,Y,0x07a66c
REDACTED,Table 2D - 233_,0x07a6dc
REDACTED,Y,0x07a6b0
REDACTED,Table 2D - 234_,0x07a720
REDACTED,Y,0x07a6f4
REDACTED,Table 2D - 235_,0x07d274
REDACTED,Y,0x07d254
REDACTED,Table 2D - 236_,0x07d2e0
REDACTED,Y,0x07d2bc
REDACTED,Table 2D - 237_,0x07d318
REDACTED,Y,0x07d2f4
REDACTED,Table 2D - 238_,0x07d350
REDACTED,Y,0x07d32c
REDACTED,Table 2D - 239_,0x07d388
REDACTED,Y,0x07d364
REDACTED,Table 2D - 240_,0x07d3c0
REDACTED,Y,0x07d39c
REDACTED,Table 2D - 241_,0x07d3f8
REDACTED,Y,0x07d3d4
REDACTED,Table 2D - 242_,0x07d430
REDACTED,Y,0x07d40c
REDACTED,Table 2D - 243_,0x07d468
REDACTED,Y,0x07d444
REDACTED,Table 2D - 244_,0x07d52c
REDACTED,Y,0x07d4ec
REDACTED,Table 2D - 245_,0x07d578
REDACTED,Y,0x07d554
REDACTED,Table 2D - 246_,0x07d5c4
REDACTED,Y,0x07d584
REDACTED,Table 2D - 247_,0x07d608
REDACTED,Y,0x07d5e4
REDACTED,Table 2D - 248_,0x07d640
REDACTED,Y,0x07d61c
REDACTED,Table 2D - 249_,0x07d728
REDACTED,Y,0x07d700
REDACTED,Table 2D - 250_,0x07d79c
REDACTED,Y,0x07d77c
REDACTED,Table 2D - 251_,0x07d7cc
REDACTED,Y,0x07d7ac
REDACTED,Table 2D - 252_,0x07d81c
REDACTED,Y,0x07d7f8
REDACTED,Table 2D - 253_,0x07d854
REDACTED,Y,0x07d830
REDACTED,Table 2D - 254_,0x07a7f0
REDACTED,Y,0x07a7c8
REDACTED,Table 2D - 255_,0x07a80c
REDACTED,Y,0x07a7fc
REDACTED,Table 2D - 256_,0x07a8f8
REDACTED,Y,0x07a8dc
REDACTED,Table 2D - 257_,0x07a9f8
REDACTED,Y,0x07a9d4
REDACTED,Table 2D - 258_,0x07aa28
REDACTED,Y,0x07aa04
REDACTED,Table 2D - 259_,0x07ae7c
REDACTED,Y,0x07ae34
REDACTED,Injection Angle Related AFR Input,0x07af48
REDACTED,Y,0x07af24
REDACTED,Unknown Lambda Input,0x07af74
REDACTED,Y,0x07af54
REDACTED,Table 2D - 262_,0x07af9c
REDACTED,Y,0x07af7c
REDACTED,AirFlow Inj Angle Related,0x07b008
REDACTED,Y,0x07afa4
REDACTED,Table 2D - 264_,0x07b05c
REDACTED,Y,0x07b03c
REDACTED,Table 2D - 265_,0x07b0d0
REDACTED,Y,0x07b06c
REDACTED,Table 2D - 266_,0x07b168
REDACTED,Y,0x07b104
REDACTED,Table 2D - 267_,0x07b1bc
REDACTED,Y,0x07b19c
REDACTED,Table 2D - 268_,0x07b204
REDACTED,Y,0x07b1cc
REDACTED,Table 2D - 269_,0x07b240
REDACTED,Y,0x07b220
REDACTED,Table 2D - 270_,0x07b55a
REDACTED,Y,0x07b43c
REDACTED,Table 2D - 271_,0x07b464
REDACTED,Y,0x07b43c
REDACTED,Table 2D - 272_,0x07b4a0
REDACTED,Y,0x07b470
REDACTED,Table 2D - 273_,0x07b4d8
REDACTED,Y,0x07b4ac
REDACTED,Table 2D - 274_,0x07b510
REDACTED,Y,0x07b4e4
REDACTED,Table 2D - 275_,0x07b534
REDACTED,Y,0x07b51c
REDACTED,Table 2D - 276_,0x07b554
REDACTED,Y,0x07b53c
REDACTED,Table 2D - 277_,0x07c084
REDACTED,Y,0x07c050
REDACTED,Load Limit C,0x07c354
REDACTED,Y,0x07c32c
REDACTED,Table 2D - 279_,0x07c4b4
REDACTED,Y,0x07c48c
REDACTED,Table 2D - 280_,0x07c4e8
REDACTED,Y,0x07c4c0
REDACTED,Table 2D - 281_,0x07c51c
REDACTED,Y,0x07c4f4
REDACTED,Table 2D - 282_,0x07c6d8
REDACTED,Y,0x07c6bc
REDACTED,Table 2D - 283_,0x07c708
REDACTED,Y,0x07c6e0
REDACTED,Table 2D - 284_,0x07c750
REDACTED,Y,0x07c738
REDACTED,Table 2D - 285_,0x07c780
REDACTED,Y,0x07c75c
REDACTED,Table 2D - 286_,0x07c8ec
REDACTED,Y,0x07c8b0
REDACTED,Table 2D - 287_,0x07c920
REDACTED,Y,0x07c8fc
REDACTED,Table 2D - 288 Check DataType,0x06d158
REDACTED,Y,0x06d140
REDACTED,Table 2D - 289 Check DataType,0x06d178
REDACTED,Y,0x06d160
REDACTED,Table 2D - 290 Check DataType,0x06d198
REDACTED,Y,0x06d180
REDACTED,CLT Sensor Scaling,0x06f96c
REDACTED,Y,0x06f8ec
REDACTED,Table 2D - 292 Check DataType,0x06facc
REDACTED,Y,0x06fab8
REDACTED,Table 2D - 293 Check DataType,0x06faf4
REDACTED,Y,0x06fae0
REDACTED,MAF Scaling,0x06fbd8
REDACTED,Y,0x06fb18
REDACTED,Table 2D - 295 Check DataType,0x06fcf8
REDACTED,Y,0x06fcd8
REDACTED,Table 2D - 296 Check DataType,0x06fd20
REDACTED,Y,0x06fd00
REDACTED,Injector Barometric Pressure Compensation,0x06fd38
REDACTED,Y,0x06fd28
REDACTED,Lambda Sensor Scaling,0x06fd74
REDACTED,Y,0x06fd48
REDACTED,Table 2D - 299 Check DataType,0x06fde0
REDACTED,Y,0x06fda0
REDACTED,Table 2D - 300 Check DataType,0x06fe60
REDACTED,Y,0x06fe20
REDACTED,IAT Sensor Scaling,0x06ffe8
REDACTED,Y,0x06ffa8
REDACTED,Table 2D - 302 Check DataType,0x0702cc
REDACTED,Y,0x0702b0
REDACTED,Table 2D - 303 Check DataType,0x0702f0
REDACTED,Y,0x0702d4
REDACTED,Table 2D - 304 Check DataType,0x070380
REDACTED,Y,0x070344
REDACTED,Table 2D - 305 Check DataType,0x0703e4
REDACTED,Y,0x0703cc
REDACTED,Table 2D - 306 Check DataType,0x070414
REDACTED,Y,0x0703f0
REDACTED,Table 2D - 307 Check DataType,0x070468
REDACTED,Y,0x070428
REDACTED,Table 2D - 308 Check DataType,0x070504
REDACTED,Y,0x070488
REDACTED,Table 2D - 309 Check DataType,0x0705fc
REDACTED,Y,0x070580
REDACTED,Table 2D - 310 Check DataType,0x0706f4
REDACTED,Y,0x070678
REDACTED,Table 2D - 311 Check DataType,0x0707ec
REDACTED,Y,0x070770
REDACTED,Table 2D - 312 Check DataType,0x071784
REDACTED,Y,0x071760
REDACTED,Table 2D - 313 Check DataType,0x0718b0
REDACTED,Y,0x071880
REDACTED,Table 2D - 314 Check DataType,0x071910
REDACTED,Y,0x0718e0
REDACTED,Table 2D - 315 Check DataType,0x071970
REDACTED,Y,0x071940
REDACTED,Table 2D - 316 Check DataType,0x071a98
REDACTED,Y,0x071a84
REDACTED,Table 2D - 317 Check DataType,0x071b44
REDACTED,Y,0x071b1c
REDACTED,Table 2D - 318 Check DataType,0x071b70
REDACTED,Y,0x071b58
REDACTED,Table 2D - 319 Check DataType,0x071b94
REDACTED,Y,0x071b7c
REDACTED,Table 2D - 320 Check DataType,0x0720bc
REDACTED,Y,0x07208c
REDACTED,Table 2D - 321 Check DataType,0x0720d8
REDACTED,Y,0x0720d4
REDACTED,Table 2D - 322 Check DataType,0x07210c
REDACTED,Y,0x0720dc
REDACTED,Table 2D - 323 Check DataType,0x072154
REDACTED,Y,0x072124
REDACTED,Table 2D - 324 Check DataType,0x072188
REDACTED,Y,0x07216c
REDACTED,Table 2D - 325 Check DataType,0x0721b4
REDACTED,Y,0x072198
REDACTED,Table 2D - 326 Check DataType,0x0721d8
REDACTED,Y,0x0721c4
REDACTED,Table 2D - 327 Check DataType,0x072200
REDACTED,Y,0x0721e4
REDACTED,Table 2D - 328 Check DataType,0x07222c
REDACTED,Y,0x072210
REDACTED,Table 2D - 329 Check DataType,0x072b64
REDACTED,Y,0x072b38
REDACTED,Table 2D - 330 Check DataType,0x073ce8
REDACTED,Y,0x073ccc
REDACTED,Table 2D - 331 Check DataType,0x075158
REDACTED,Y,0x075144
REDACTED,Table 2D - 332 Check DataType,0x075a78
REDACTED,Y,0x075a34
REDACTED,Table 2D - 333 Check DataType,0x075ae0
REDACTED,Y,0x075a9c
REDACTED,Table 2D - 334 Check DataType,0x075bbc
REDACTED,Y,0x075ba4
REDACTED,Table 2D - 335 Check DataType,0x076c2c
REDACTED,Y,0x076bc8
REDACTED,Table 2D - 336 Check DataType,0x076cf4
REDACTED,Y,0x076c90
REDACTED,Table 2D - 337 Check DataType,0x076dbc
REDACTED,Y,0x076d58
REDACTED,Table 2D - 338 Check DataType,0x076e84
REDACTED,Y,0x076e20
REDACTED,Table 2D - 339 Check DataType,0x076f4c
REDACTED,Y,0x076ee8
REDACTED,Table 2D - 340 Check DataType,0x07702c
REDACTED,Y,0x076fb0
REDACTED,Table 2D - 341 Check DataType,0x077124
REDACTED,Y,0x0770a8
REDACTED,Table 2D - 342 Check DataType,0x07721c
REDACTED,Y,0x0771a0
REDACTED,Table 2D - 343 Check DataType,0x077314
REDACTED,Y,0x077298
REDACTED,Table 2D - 344 Check DataType,0x07740c
REDACTED,Y,0x077390
REDACTED,Table 2D - 345 Check DataType,0x077920
REDACTED,Y,0x0778fc
REDACTED,Table 2D - 346 Check DataType,0x0782e4
REDACTED,Y,0x0782d8
REDACTED,Table 2D - 347 Check DataType,0x0784bc
REDACTED,Y,0x078498
REDACTED,Table 2D - 348 Check DataType,0x0784d4
REDACTED,Y,0x0784c8
REDACTED,Table 2D - 349 Check DataType,0x0784e4
REDACTED,Y,0x0784d8
REDACTED,Table 2D - 350 Check DataType,0x07850c
REDACTED,Y,0x0784e8
REDACTED,Table 2D - 351 Check DataType,0x078c94
REDACTED,Y,0x078c78
REDACTED,Table 2D - 352 Check DataType,0x078f00
REDACTED,Y,0x078edc
REDACTED,Table 2D - 353 Check DataType,0x078f24
REDACTED,Y,0x078f0c
REDACTED,Table 2D - 354 Check DataType,0x078f44
REDACTED,Y,0x078f2c
REDACTED,Table 2D - 355 Check DataType,0x078f78
REDACTED,Y,0x078f4c
REDACTED,Table 2D - 356 Check DataType,0x078fb0
REDACTED,Y,0x078f98
REDACTED,Table 2D - 357 Check DataType,0x078fd4
REDACTED,Y,0x078fbc
REDACTED,Table 2D - 358 Check DataType,0x079004
REDACTED,Y,0x078fec
REDACTED,Table 2D - 359 Check DataType,0x079028
REDACTED,Y,0x07901c
REDACTED,Knock Related 1,0x07a38c
REDACTED,Y,0x07a354
REDACTED,Knock Related 2,0x07a3e0
REDACTED,Y,0x07a3a8
REDACTED,Knock Related,0x07a400
REDACTED,Y,0x07a3fc
REDACTED,Knock Related 3,0x07a408
REDACTED,Y,0x07a404
REDACTED,Table 2D - 364 Check DataType,0x07a764
REDACTED,Y,0x07a738
REDACTED,Table 2D - 365 Check DataType,0x07a7a4
REDACTED,Y,0x07a77c
REDACTED,Table 2D - 366 Check DataType,0x07d0f4
REDACTED,Y,0x07d0d0
REDACTED,Table 2D - 367 Check DataType,0x07d4a0
REDACTED,Y,0x07d47c
REDACTED,Table 2D - 368 Check DataType,0x07d4d8
REDACTED,Y,0x07d4b4
REDACTED,Table 2D - 369 Check DataType,0x07d678
REDACTED,Y,0x07d654
REDACTED,Table 2D - 370 Check DataType,0x07d6b0
REDACTED,Y,0x07d68c
REDACTED,Table 2D - 371 Check DataType,0x07d770
REDACTED,Y,0x07d74c
REDACTED,Table 2D - 372 Check DataType,0x07d89c
REDACTED,Y,0x07d878
REDACTED,Table 2D - 373 Check DataType,0x07d8e4
REDACTED,Y,0x07d8c0
REDACTED,Table 2D - 374 Check DataType,0x07d92c
REDACTED,Y,0x07d908
REDACTED,Table 2D - 375 Check DataType,0x07a8cc
REDACTED,Y,0x07a8b0
REDACTED,Table 2D - 376 Check DataType,0x07ae94
REDACTED,Y,0x07ae90
REDACTED,Table 2D - 377 Check DataType,0x07ae9c
REDACTED,Y,0x07ae98
REDACTED,Table 2D - 378 Check DataType,0x07bab0
REDACTED,Y,0x07ba94
REDACTED,Table 2D - 379 Check DataType,0x07bae0
REDACTED,Y,0x07bacc
REDACTED,Load Limit A,0x07c1b4
REDACTED,Y,0x07c184
REDACTED,Load Limit B,0x07c214
REDACTED,Y,0x07c1e4
REDACTED,Table 2D - 382 Check DataType,0x07c3c4
REDACTED,Y,0x07c3b4
REDACTED,Table 2D - 383 Check DataType,0x07c3dc
REDACTED,Y,0x07c3cc
REDACTED,Table 2D - 384 Check DataType,0x07c3f4
REDACTED,Y,0x07c3e4
REDACTED,Table 2D - 385 Check DataType,0x07c550
REDACTED,Y,0x07c528
REDACTED,Table 2D - 386 Check DataType,0x07c588
REDACTED,Y,0x07c564
REDACTED,Table 2D - 387 Check DataType,0x07c61c
REDACTED,Y,0x07c5f8
REDACTED,Table 2D - 388 Check DataType,0x07c678
REDACTED,Y,0x07c664
REDACTED,Table 2D - 389 Check DataType,0x07c6a0
REDACTED,Y,0x07c68c
REDACTED,Table 2D - 390 Check DataType,0x07c730
REDACTED,Y,0x07c718
REDACTED,Table 2D - 391 Check DataType,0x07ccdc
REDACTED,Y,0x07ccb4
REDACTED,Table 2D - 392 Check DataType,0x07cd2c
REDACTED,Y,0x07cd04
REDACTED,Table 2D - 393 Check DataType,0x07cd7c
REDACTED,Y,0x07cd54
REDACTED,Table 2D - 394 Check DataType,0x07cdcc
REDACTED,Y,0x07cda4
REDACTED,Table 2D - 395 Check DataType,0x07ce1c
REDACTED,Y,0x07cdf4
REDACTED,Table 2D - 396 Check DataType,0x07ce6c
REDACTED,Y,0x07ce44
REDACTED,Table 2D - 397 Check DataType,0x07cebc
REDACTED,Y,0x07ce94
REDACTED,Table 2D - 398 Check DataType,0x07cf0c
REDACTED,Y,0x07cee4
REDACTED,Table 2D - 399 Check DataType,0x07cf5c
REDACTED,Y,0x07cf34
REDACTED,Table 2D - 400 Check DataType,0x07cfac
REDACTED,Y,0x07cf84
REDACTED,Table 2D - 401 Check DataType,0x07cffc
REDACTED,Y,0x07cfd4
REDACTED,Table 2D - 402 Check DataType,0x07d04c
REDACTED,Y,0x07d024
REDACTED,Table 2D - 403 Check DataType,0x07d09c
REDACTED,Y,0x07d074
REDACTED,Table 3D - 0_,0x06d2ac
REDACTED,X,0x06d254
REDACTED,Y,0x06d294
REDACTED,Table 3D - 1_,0x06d364
REDACTED,X,0x06d30c
REDACTED,Y,0x06d34c
REDACTED,Table 3D - 2_,0x06d41c
REDACTED,X,0x06d3c4
REDACTED,Y,0x06d404
REDACTED,Table 3D - 3_,0x06d4d4
REDACTED,X,0x06d47c
REDACTED,Y,0x06d4bc
REDACTED,Ignition Timing Lead,0x06d668
REDACTED,X,0x06d624
REDACTED,Y,0x06d64c
REDACTED,Ignition Leading 1,0x06d748
REDACTED,X,0x06d6b0
REDACTED,Y,0x06d700
REDACTED,Ignition Leading Base - Safe Mode,0x06d948
REDACTED,X,0x06d8b0
REDACTED,Y,0x06d900
REDACTED,Ignition Leading Base,0x06db48
REDACTED,X,0x06dab0
REDACTED,Y,0x06db00
REDACTED,Ignition Leading 4,0x06dcf4
REDACTED,X,0x06dcb0
REDACTED,Y,0x06dcd8
REDACTED,Ignition,0x06ddd4
REDACTED,X,0x06dd3c
REDACTED,Y,0x06dd8c
REDACTED,Ignition 0 - Safe Mode,0x06dfd4
REDACTED,X,0x06df3c
REDACTED,Y,0x06df8c
REDACTED,Ignition 1,0x06e1d4
REDACTED,X,0x06e13c
REDACTED,Y,0x06e18c
REDACTED,Table 3D - 12_,0x06ea88
REDACTED,X,0x06ea60
REDACTED,Y,0x06ea7c
REDACTED,Table 3D - 13_,0x06ed78
REDACTED,X,0x06ed48
REDACTED,Y,0x06ed6c
REDACTED,Table 3D - 14_,0x06edf4
REDACTED,X,0x06eda4
REDACTED,Y,0x06edd4
REDACTED,Ignition Trailing B,0x06eeec
REDACTED,X,0x06ee54
REDACTED,Y,0x06eea4
REDACTED,Ignition Trailing A,0x06f0ec
REDACTED,X,0x06f054
REDACTED,Y,0x06f0a4
REDACTED,Ignition Min Split,0x06f2ec
REDACTED,X,0x06f254
REDACTED,Y,0x06f2a4
REDACTED,Ignition 14,0x06f81c
REDACTED,X,0x06f814
REDACTED,Y,0x06f818
REDACTED,Ignition 15,0x06f828
REDACTED,X,0x06f820
REDACTED,Y,0x06f824
REDACTED,Ignition 16,0x06f834
REDACTED,X,0x06f82c
REDACTED,Y,0x06f830
REDACTED,Ignition 17,0x06f840
REDACTED,X,0x06f838
REDACTED,Y,0x06f83c
REDACTED,Table 3D - 22_,0x0708a8
REDACTED,X,0x070868
REDACTED,Y,0x070888
REDACTED,Table 3D - 23_,0x070924
REDACTED,X,0x0708e8
REDACTED,Y,0x070918
REDACTED,Table 3D - 24_,0x070998
REDACTED,X,0x070948
REDACTED,Y,0x07097c
REDACTED,Table 3D - 25_,0x070aa0
REDACTED,X,0x070a50
REDACTED,Y,0x070a84
REDACTED,Table 3D - 26_,0x070b9c
REDACTED,X,0x070b58
REDACTED,Y,0x070b78
REDACTED,Table 3D - 27_,0x070c70
REDACTED,X,0x070c2c
REDACTED,Y,0x070c4c
REDACTED,Table 3D - 28_,0x070d44
REDACTED,X,0x070d00
REDACTED,Y,0x070d20
REDACTED,Table 3D - 29_,0x070e44
REDACTED,X,0x070dd4
REDACTED,Y,0x070e04
REDACTED,Table 3D - 30_,0x071034
REDACTED,X,0x070fc4
REDACTED,Y,0x070ff4
REDACTED,Table 3D - 31_,0x071204
REDACTED,X,0x0711b4
REDACTED,Y,0x0711e8
REDACTED,Table 3D - 32_,0x07130c
REDACTED,X,0x0712bc
REDACTED,Y,0x0712f0
REDACTED,Fuelling 9 - Safe Mode,0x07228c
REDACTED,X,0x07223c
REDACTED,Y,0x07226c
REDACTED,Fuelling 10 - Safe Mode,0x07238c
REDACTED,X,0x0722ec
REDACTED,Y,0x072340
REDACTED,Fuelling 11,0x072524
REDACTED,X,0x07251c
REDACTED,Y,0x072520
REDACTED,Fuelling 12,0x072530
REDACTED,X,0x072528
REDACTED,Y,0x07252c
REDACTED,Fuelling 13 - Safe Mode,0x072584
REDACTED,X,0x072534
REDACTED,Y,0x072564
REDACTED,Fuelling 14 - Safe mode,0x072684
REDACTED,X,0x0725e4
REDACTED,Y,0x072638
REDACTED,Fuelling 15,0x072864
REDACTED,X,0x072814
REDACTED,Y,0x072844
REDACTED,Fuelling 16,0x072964
REDACTED,X,0x0728c4
REDACTED,Y,0x072918
REDACTED,Torque To Accel Position,0x073090
REDACTED,X,0x072fdc
REDACTED,Y,0x073044
REDACTED,Throttle Position To Torque,0x0734f4
REDACTED,X,0x07346c
REDACTED,Y,0x0734a4
REDACTED,Table 3D - 43_,0x073808
REDACTED,X,0x0737dc
REDACTED,Y,0x0737f8
REDACTED,Table 3D - 44_,0x07386c
REDACTED,X,0x073824
REDACTED,Y,0x073848
REDACTED,Table 3D - 45_,0x07393c
REDACTED,X,0x0738c0
REDACTED,Y,0x073900
REDACTED,Table 3D - 46_,0x073d64
REDACTED,X,0x073d40
REDACTED,Y,0x073d54
REDACTED,Table 3D - 47_,0x073e3c
REDACTED,X,0x073df4
REDACTED,Y,0x073e20
REDACTED,Table 3D - 48_,0x073ebc
REDACTED,X,0x073e8c
REDACTED,Y,0x073ea4
REDACTED,Accel Pedal to Throttle Position #1,0x074250
REDACTED,X,0x0741b4
REDACTED,Y,0x074208
REDACTED,Accel Pedal to Throttle Position #2,0x0745e0
REDACTED,X,0x074544
REDACTED,Y,0x074598
REDACTED,Accel Pedal to Throttle Position #3,0x074970
REDACTED,X,0x0748d4
REDACTED,Y,0x074928
REDACTED,Accel Pedal to Throttle Position #4,0x074d00
REDACTED,X,0x074c64
REDACTED,Y,0x074cb8
REDACTED,Table 3D - 53_,0x0754f0
REDACTED,X,0x075494
REDACTED,Y,0x0754c0
REDACTED,Table 3D - 54_,0x075630
REDACTED,X,0x0755c4
REDACTED,Y,0x0755ec
REDACTED,Table 3D - 55_,0x0757f0
REDACTED,X,0x075784
REDACTED,Y,0x0757ac
REDACTED,Table 3D - 56_,0x075e10
REDACTED,X,0x075dc0
REDACTED,Y,0x075e04
REDACTED,Table 3D - 57_,0x075ec8
REDACTED,X,0x075e78
REDACTED,Y,0x075ebc
REDACTED,Table 3D - 58_,0x075f80
REDACTED,X,0x075f30
REDACTED,Y,0x075f74
REDACTED,Table 3D - 59_,0x076144
REDACTED,X,0x0760b0
REDACTED,Y,0x0760f8
REDACTED,Table 3D - 60_,0x076330
REDACTED,X,0x07629c
REDACTED,Y,0x0762e4
REDACTED,Table 3D - 61_,0x076670
REDACTED,X,0x0765dc
REDACTED,Y,0x076624
REDACTED,Table 3D - 62_,0x076988
REDACTED,X,0x07691c
REDACTED,Y,0x07693c
REDACTED,Table 3D - 63_,0x076ad8
REDACTED,X,0x076ab8
REDACTED,Y,0x076acc
REDACTED,Table 3D - 64_,0x077a9c
REDACTED,X,0x077a44
REDACTED,Y,0x077a70
REDACTED,Table 3D - 65_,0x077b20
REDACTED,X,0x077b18
REDACTED,Y,0x077b1c
REDACTED,Table 3D - 66_,0x077b2c
REDACTED,X,0x077b24
REDACTED,Y,0x077b28
REDACTED,Estimated Manifold Pressure,0x077c48
REDACTED,X,0x077bb4
REDACTED,Y,0x077bf8
REDACTED,Injector Latency Secondary,0x077f58
REDACTED,X,0x077ef0
REDACTED,Y,0x077f34
REDACTED,Injector Latency Primary,0x0780f4
REDACTED,X,0x07808c
REDACTED,Y,0x0780d0
REDACTED,Engine Load Compensation,0x0786e8
REDACTED,X,0x078650
REDACTED,Y,0x078698
REDACTED,Table 3D - 71_,0x07938c
REDACTED,X,0x079340
REDACTED,Y,0x079380
REDACTED,Table 3D - 72_,0x0793e4
REDACTED,X,0x0793bc
REDACTED,Y,0x0793d0
REDACTED,Table 3D - 73_,0x079434
REDACTED,X,0x079400
REDACTED,Y,0x07941c
REDACTED,Table 3D - 74_,0x079584
REDACTED,X,0x079530
REDACTED,Y,0x079570
REDACTED,Table 3D - 75_,0x079628
REDACTED,X,0x0795d4
REDACTED,Y,0x079614
REDACTED,Table 3D - 76_,0x079a54
REDACTED,X,0x079a20
REDACTED,Y,0x079a38
REDACTED,Table 3D - 77_,0x079ad4
REDACTED,X,0x079aa8
REDACTED,Y,0x079ab8
REDACTED,Table 3D - 78_,0x079b48
REDACTED,X,0x079b0c
REDACTED,Y,0x079b2c
REDACTED,Table 3D - 79_,0x079dac
REDACTED,X,0x079d78
REDACTED,Y,0x079d90
REDACTED,Table 3D - 80_,0x079e30
REDACTED,X,0x079e00
REDACTED,Y,0x079e14
REDACTED,Table 3D - 81_,0x079eac
REDACTED,X,0x079e78
REDACTED,Y,0x079e90
REDACTED,Table 3D - 82_,0x079f2c
REDACTED,X,0x079f00
REDACTED,Y,0x079f14
REDACTED,Table 3D - 83_,0x079f94
REDACTED,X,0x079f68
REDACTED,Y,0x079f7c
REDACTED,Knock Rel #4,0x07a450
REDACTED,X,0x07a40c
REDACTED,Y,0x07a424
REDACTED,Knock Rel #0,0x07a4d8
REDACTED,X,0x07a494
REDACTED,Y,0x07a4ac
REDACTED,Table 3D - 86_,0x07a838
REDACTED,X,0x07a810
REDACTED,Y,0x07a828
REDACTED,Table 3D - 87_,0x07ac44
REDACTED,X,0x07abfc
REDACTED,Y,0x07ac20
REDACTED,Table 3D - 88_,0x07ad30
REDACTED,X,0x07ace8
REDACTED,Y,0x07ad0c
REDACTED,Table 3D - 89_,0x07addc
REDACTED,X,0x07add4
REDACTED,Y,0x07add8
REDACTED,Table 3D - 90_,0x07ade8
REDACTED,X,0x07ade0
REDACTED,Y,0x07ade4
REDACTED,Injection Angle,0x07b2b8
REDACTED,X,0x07b250
REDACTED,Y,0x07b298
REDACTED,Table 3D - 92_,0x07b59c
REDACTED,X,0x07b570
REDACTED,Y,0x07b58c
REDACTED,Table 3D - 93_,0x07b600
REDACTED,X,0x07b5d4
REDACTED,Y,0x07b5f0
REDACTED,Table 3D - 94_,0x07b664
REDACTED,X,0x07b638
REDACTED,Y,0x07b654
REDACTED,Table 3D - 95_,0x07b6c8
REDACTED,X,0x07b69c
REDACTED,Y,0x07b6b8
REDACTED,Table 3D - 96_,0x07b72c
REDACTED,X,0x07b700
REDACTED,Y,0x07b71c
REDACTED,Table 3D - 97_,0x07b7ac
REDACTED,X,0x07b764
REDACTED,Y,0x07b78c
REDACTED,Table 3D - 98_,0x07b894
REDACTED,X,0x07b84c
REDACTED,Y,0x07b874
REDACTED,Table 3D - 99_,0x07b97c
REDACTED,X,0x07b934
REDACTED,Y,0x07b95c
REDACTED,Table 3D - 100_,0x07c7d0
REDACTED,X,0x07c794
REDACTED,Y,0x07c7b8
REDACTED,Table 3D - 101_,0x07c844
REDACTED,X,0x07c808
REDACTED,Y,0x07c82c
REDACTED,Table 3D - 102_,0x07c9b4
REDACTED,X,0x07c92c
REDACTED,Y,0x07c98c
REDACTED,Table 3D - 103_,0x06d230
REDACTED,X,0x06d200
REDACTED,Y,0x06d218
REDACTED,Ignition Leading 5,0x06e358
REDACTED,X,0x06e33c
REDACTED,Y,0x06e34c
REDACTED,Ignition Minimum Maybe,0x06e3a4
REDACTED,X,0x06e388
REDACTED,Y,0x06e398
REDACTED,Table 3D - 106_,0x06e474
REDACTED,X,0x06e458
REDACTED,Y,0x06e464
REDACTED,Ignition 3,0x06f4cc
REDACTED,X,0x06f454
REDACTED,Y,0x06f4a0
REDACTED,Table 3D - 108_,0x071408
REDACTED,X,0x0713c4
REDACTED,Y,0x0713ec
REDACTED,Table 3D - 109_,0x073f14
REDACTED,X,0x073ee0
REDACTED,Y,0x073ef8
REDACTED,Table 3D - 110_,0x075d5c
REDACTED,X,0x075cf8
REDACTED,Y,0x075d0c
REDACTED,Table 3D - 111_,0x0774c0
REDACTED,X,0x077488
REDACTED,Y,0x0774ac
REDACTED,Table 3D - 112_,0x0775b0
REDACTED,X,0x077574
REDACTED,Y,0x07759c
REDACTED,Table 3D - 113_,0x077694
REDACTED,X,0x077678
REDACTED,Y,0x077680
REDACTED,Table 3D - 114_,0x0776d8
REDACTED,X,0x0776bc
REDACTED,Y,0x0776c4
REDACTED,Table 3D - 115_,0x077738
REDACTED,X,0x077700
REDACTED,Y,0x077724
REDACTED,Table 3D - 116_,0x077814
REDACTED,X,0x0777ec
REDACTED,Y,0x077800
REDACTED,Oil Metering By Load,0x0790c4
REDACTED,X,0x079034
REDACTED,Y,0x079080
REDACTED,Oil Metering By Throttle,0x079264
REDACTED,X,0x079208
REDACTED,Y,0x079254
REDACTED,Table 3D - 119_,0x0792dc
REDACTED,X,0x0792b0
REDACTED,Y,0x0792c8
REDACTED,Table 3D - 120_,0x07d150
REDACTED,X,0x07d108
REDACTED,Y,0x07d128
REDACTED,Table 3D - 121_,0x07d1e8
REDACTED,X,0x07d1a0
REDACTED,Y,0x07d1c0
REDACTED,Table 3D - 122_,0x07aabc
REDACTED,X,0x07aa74
REDACTED,Y,0x07aa98
REDACTED,Table 3D - 123_,0x07ab58
REDACTED,X,0x07ab10
REDACTED,Y,0x07ab34
REDACTED,Table 3D - 124_,0x07bb3c
REDACTED,X,0x07baf4
REDACTED,Y,0x07bb18
REDACTED,Table 3D - 125_,0x07bbd8
REDACTED,X,0x07bb90
REDACTED,Y,0x07bbb4
REDACTED,Table 3D - 126_,0x07bd94
REDACTED,X,0x07bd28
REDACTED,Y,0x07bd50
REDACTED,Table 3D - 127_,0x07c0dc
REDACTED,X,0x07c094
REDACTED,Y,0x07c0bc
REDACTED,Ignition Dwell Time_,0x07cb20
REDACTED,X,0x07cad8
REDACTED,Y,0x07cafc
