addr,name,source,flag
0x000040,jumpToFunction,USER_DEFINED,USER_DEFINED
0x00031c,checkClearWDT,USER_DEFINED,USER_DEFINED
0x0004e0,resetHandler?,USER_DEFINED,USER_DEFINED
0x000572,serviceWDT,USER_DEFINED,USER_DEFINED
0x0005b0,checkWatchdogTimer_OVRCOUNT,USER_DEFINED,USER_DEFINED
0x0006c8,somethingWDTRelated??,USER_DEFINED,USER_DEFINED
0x0008b4,Illegal_instr,USER_DEFINED,USER_DEFINED
0x0008b8,Manual_Reset,USER_DEFINED,USER_DEFINED
0x0009fc,INT_ATU102_IMI10AG,USER_DEFINED,USER_DEFINED
0x001038,runResetConditon_UDSorPowerOn?,USER_DEFINED,USER_DEFINED
0x001090,runFunc,USER_DEFINED,USER_DEFINED
0x00109c,resetOBDCAN?,USER_DEFINED,USER_DEFINED
0x0011c4,writeImmoBitZero?,USER_DEFINED,USER_DEFINED
0x0011cc,checkWatchdogForOverflowandReset,USER_DEFINED,USER_DEFINED
0x001272,getCurrentCrankTooth?,USER_DEFINED,USER_DEFINED
0x001298,powerOnRun?,USER_DEFINED,USER_DEFINED
0x0012a2,reinitIO?,USER_DEFINED,USER_DEFINED
0x001364,serviceWDT2,USER_DEFINED,USER_DEFINED
0x001414,seemsImportant,USER_DEFINED,USER_DEFINED
0x0016dc,getResetType?,USER_DEFINED,USER_DEFINED
0x002044,invertAndReturn_8bit_ADDR,USER_DEFINED,USER_DEFINED
0x002054,setSR_PARAM,USER_DEFINED,USER_DEFINED
0x002064,loadStatusRegister_ADDR,USER_DEFINED,USER_DEFINED
0x002068,2DLookup,USER_DEFINED,USER_DEFINED
0x0020ac,2DLookup_FP_8bit,USER_DEFINED,USER_DEFINED
0x0020c4,2DLookup_FP_16bit,USER_DEFINED,USER_DEFINED
0x0020dc,3dLookup,USER_DEFINED,USER_DEFINED
0x002120,3DLookup_FP_8bit,USER_DEFINED,USER_DEFINED
0x00213c,3DLookup_FP_16bit,USER_DEFINED,USER_DEFINED
0x002158,fp_Divide?,USER_DEFINED,USER_DEFINED
0x00231c,multiply32Bit??,USER_DEFINED,USER_DEFINED
0x0023b0,firstOrderFilter_SIG_SIGPREV_MIN_FF,USER_DEFINED,USER_DEFINED
0x0023dc,subtractAbsolute,USER_DEFINED,USER_DEFINED
0x0023e4,saturateLow_SIGNAL_LOWERBOUND,USER_DEFINED,USER_DEFINED
0x0023f4,minValue,USER_DEFINED,USER_DEFINED
0x002404,saturate_SIGNAL_LOWER_UPPER,USER_DEFINED,USER_DEFINED
0x002420,encode??,USER_DEFINED,USER_DEFINED
0x002440,isNotZero_wDivideByZero_Protect,USER_DEFINED,USER_DEFINED
0x002460,add16bitSaturate_ADD1_ADD2,USER_DEFINED,USER_DEFINED
0x002478,addSaturate8Bit,USER_DEFINED,USER_DEFINED
0x002490,floatToFP_16bit_NUMBER_SCALAR_OFFSET,USER_DEFINED,USER_DEFINED
0x0024c0,fixedPointToFloat_16bit_MULT_OFF_SIG,USER_DEFINED,USER_DEFINED
0x0024d0,floatToInt_SIGNAL_MULT_OFFSET,USER_DEFINED,USER_DEFINED
0x002500,fixedPointToFloat_8bit_MULT_OFF_SIG,USER_DEFINED,USER_DEFINED
0x002510,fixedPointScaling?,USER_DEFINED,USER_DEFINED
0x00253c,interpolate_floatTable,USER_DEFINED,USER_DEFINED
0x00256c,lookup_char,USER_DEFINED,USER_DEFINED
0x002598,lookup_short,USER_DEFINED,USER_DEFINED
0x0025c8,interpolate_8bitTable,USER_DEFINED,USER_DEFINED
0x0025f4,interpolate_3d_uint16,USER_DEFINED,USER_DEFINED
0x002624,dataLookup,USER_DEFINED,USER_DEFINED
0x002658,indexLookupSomething,USER_DEFINED,USER_DEFINED
0x002678,interpolate_floatTable,USER_DEFINED,USER_DEFINED
0x002690,interpolate_shortTable,USER_DEFINED,USER_DEFINED
0x0026b0,interpolate_uint8Table,USER_DEFINED,USER_DEFINED
0x0026d0,interpolate_uint16Table,USER_DEFINED,USER_DEFINED
0x0026f4,interpolate_charTable,USER_DEFINED,USER_DEFINED
0x002710,ISR_100,USER_DEFINED,USER_DEFINED
0x002728,ISR_104,USER_DEFINED,USER_DEFINED
0x002740,ISR_108,USER_DEFINED,USER_DEFINED
0x002758,ISR_10C,USER_DEFINED,USER_DEFINED
0x002770,ISR_110,USER_DEFINED,USER_DEFINED
0x002788,ISR_114,USER_DEFINED,USER_DEFINED
0x0027a0,ISR_118,USER_DEFINED,USER_DEFINED
0x0027b8,ISR_11C,USER_DEFINED,USER_DEFINED
0x0027d0,ISR_120,USER_DEFINED,USER_DEFINED
0x0027e8,ISR_128,USER_DEFINED,USER_DEFINED
0x002938,ISR_194,USER_DEFINED,USER_DEFINED
0x002980,ISR_1A0,USER_DEFINED,USER_DEFINED
0x0029e0,ISR_1BC,USER_DEFINED,USER_DEFINED
0x002b18,ISR_208,USER_DEFINED,USER_DEFINED
0x002bd8,ISR_240,USER_DEFINED,USER_DEFINED
0x002c50,ISR_254,USER_DEFINED,USER_DEFINED
0x002f20,ISR_300,USER_DEFINED,USER_DEFINED
0x002fc8,ISR_350,USER_DEFINED,USER_DEFINED
0x0031f0,ISR_37C,USER_DEFINED,USER_DEFINED
0x003220,WDT_ITI,USER_DEFINED,USER_DEFINED
0x003238,incrementCounter,USER_DEFINED,USER_DEFINED
0x003588,callsAReset,USER_DEFINED,USER_DEFINED
0x0035ee,notCalled??,USER_DEFINED,USER_DEFINED
0x003610,checkISRCounter_NotCalled?,USER_DEFINED,USER_DEFINED
0x003854,engineControlFunctionDispatcher,USER_DEFINED,USER_DEFINED
0x003920,getSR,USER_DEFINED,USER_DEFINED
0x003934,setSR,USER_DEFINED,USER_DEFINED
0x003a28,consistencyCheck,USER_DEFINED,USER_DEFINED
0x003c80,handleHUDIException??,USER_DEFINED,USER_DEFINED
0x003d58,taskEndRoutine?,USER_DEFINED,USER_DEFINED
0x004144,engineSomethingConditonCheckAndSet?,USER_DEFINED,USER_DEFINED
0x0046cc,checkFloatValidity?,USER_DEFINED,USER_DEFINED
0x004bbc,setRegister_REG_BIT_VAL,USER_DEFINED,USER_DEFINED
0x004c14,delayFunc?,USER_DEFINED,USER_DEFINED
0x004c7a,movePointerToR15?,USER_DEFINED,USER_DEFINED
0x004d2e,setRegisters,USER_DEFINED,USER_DEFINED
0x004e06,thunk_FUN_00004dee,DEFAULT,heuristic
0x004e0a,noOpFunc,USER_DEFINED,USER_DEFINED
0x004e12,noOpFunc2,USER_DEFINED,USER_DEFINED
0x005020,noOpFun3,USER_DEFINED,USER_DEFINED
0x005024,writeWatchdog_disable?,USER_DEFINED,USER_DEFINED
0x005032,writeWatchdog_disable?,DEFAULT,heuristic
0x00503a,noOpFunc4,USER_DEFINED,USER_DEFINED
0x005056,noOpFunc5,USER_DEFINED,USER_DEFINED
0x00505e,noOpFunc6,USER_DEFINED,USER_DEFINED
0x0050a6,noOpFunc7,USER_DEFINED,USER_DEFINED
0x00527e,callsFlash??,USER_DEFINED,USER_DEFINED
0x00528e,callsFlash??,DEFAULT,heuristic
0x005348,vectorNumberSomething,USER_DEFINED,USER_DEFINED
0x00535e,NMICall?,USER_DEFINED,USER_DEFINED
0x0053a0,defaultVector?,USER_DEFINED,USER_DEFINED
0x0053a6,ISR_010,USER_DEFINED,USER_DEFINED
0x0053aa,ISR_018,USER_DEFINED,USER_DEFINED
0x0053ae,ISR_024,USER_DEFINED,USER_DEFINED
0x0053b6,UBCInterruptCall,USER_DEFINED,USER_DEFINED
0x0053c2,ISR_0FC,USER_DEFINED,USER_DEFINED
0x005a1e,vectorNumberSomething,DEFAULT,heuristic
0x005be8,ISR_2E0,USER_DEFINED,USER_DEFINED
0x005cee,setCompareMatchTimer_ForTaskRate,USER_DEFINED,USER_DEFINED
0x005dec,handleSCIIntterupt?,USER_DEFINED,USER_DEFINED
0x005e78,thunk_FUN_00009c86,DEFAULT,heuristic
0x005ec8,wdt_iti_vector?,USER_DEFINED,USER_DEFINED
0x005eee,thunk_FUN_00009c86,DEFAULT,heuristic
0x005f18,noOp,USER_DEFINED,USER_DEFINED
0x005f1c,callsEngineControlOSTasks??,USER_DEFINED,USER_DEFINED
0x006010,FIFO_pop?,USER_DEFINED,USER_DEFINED
0x0060c8,getSensorStuff??,USER_DEFINED,USER_DEFINED
0x0061a8,mainInit??,USER_DEFINED,USER_DEFINED
0x006360,thunk_FUN_000114fc,DEFAULT,heuristic
0x006366,thunk_FUN_0001141c,DEFAULT,heuristic
0x00636c,thunk_FUN_0000abfa,DEFAULT,heuristic
0x0063f0,getSensors_TASK,USER_DEFINED,USER_DEFINED
0x0064e8,otherTask_TASK,USER_DEFINED,USER_DEFINED
0x0064f6,engineControlSlow_TASK?,USER_DEFINED,USER_DEFINED
0x006584,vehicleParameters_TASK,USER_DEFINED,USER_DEFINED
0x0065e8,runE2_SLOW_TASK?,USER_DEFINED,USER_DEFINED
0x0065f6,engineControlDrivers_TASK,USER_DEFINED,USER_DEFINED
0x00661e,engineControlFunction_TASK,USER_DEFINED,USER_DEFINED
0x0066a6,thunk_FUN_00011f3c,DEFAULT,heuristic
0x0066ac,noOp_func,DEFAULT,heuristic
0x0066b2,thunk_FUN_00011c6e,DEFAULT,heuristic
0x006744,getVehicleStatusInputs?,USER_DEFINED,USER_DEFINED
0x006842,noOp_Func,USER_DEFINED,USER_DEFINED
0x006846,nopFunc,USER_DEFINED,USER_DEFINED
0x006884,sensorADCRead,USER_DEFINED,USER_DEFINED
0x006cdc,readADCs_coolantTempInHere??,USER_DEFINED,USER_DEFINED
0x006fb0,readADCResult,USER_DEFINED,USER_DEFINED
0x0070ac,getFromGPIO?,USER_DEFINED,USER_DEFINED
0x007188,enableAndTXCoilDriverSerial?,USER_DEFINED,USER_DEFINED
0x0071ea,transmitCoilDriverSPI?,USER_DEFINED,USER_DEFINED
0x007290,getIATSensorValue,USER_DEFINED,USER_DEFINED
0x007298,readIATSensor,USER_DEFINED,USER_DEFINED
0x007330,getUNKNOWNSensorValue1,USER_DEFINED,USER_DEFINED
0x007338,readECMVoltage??,USER_DEFINED,USER_DEFINED
0x007398,getCoolantTempSensorValue,USER_DEFINED,USER_DEFINED
0x0073a0,readCoolantTempSensor,USER_DEFINED,USER_DEFINED
0x007438,getMAFSensorValue,USER_DEFINED,USER_DEFINED
0x0074ac,noOp,USER_DEFINED,USER_DEFINED
0x007518,fuelingInit??,USER_DEFINED,USER_DEFINED
0x00768e,callsEngineControlFunctionsWBool,USER_DEFINED,USER_DEFINED
0x007724,reInitCrankSensor??,USER_DEFINED,USER_DEFINED
0x007778,setInterruptTimer,USER_DEFINED,USER_DEFINED
0x0077f0,getInputCapture,USER_DEFINED,USER_DEFINED
0x007b58,resetInputCapture,USER_DEFINED,USER_DEFINED
0x007b84,setBools,USER_DEFINED,USER_DEFINED
0x007c0c,crankSensorInit?,USER_DEFINED,USER_DEFINED
0x007c68,geteShaftPosition,USER_DEFINED,USER_DEFINED
0x007f22,clearInputCapture,USER_DEFINED,USER_DEFINED
0x007f90,engineSpeedInit,USER_DEFINED,USER_DEFINED
0x007fcc,getCrankAngle,USER_DEFINED,USER_DEFINED
0x00803e,INT_ATU101_IMI10AG,USER_DEFINED,USER_DEFINED
0x008320,setInjectorLatency??,USER_DEFINED,USER_DEFINED
0x008340,injectorPulseSet?,DEFAULT,heuristic
0x0083ca,injectorRelatedFunc,USER_DEFINED,USER_DEFINED
0x0084c2,setIPWStuff,DEFAULT,heuristic
0x0085e4,putFuelingStuffInArray?,USER_DEFINED,USER_DEFINED
0x0086ac,fuelinjectorSet0??,USER_DEFINED,USER_DEFINED
0x0086f8,setFuelInjectorLatency,USER_DEFINED,USER_DEFINED
0x008a68,injectorPulseSet?,USER_DEFINED,USER_DEFINED
0x008b4c,setIPWStuff,USER_DEFINED,USER_DEFINED
0x008d86,initSparkOutput,USER_DEFINED,USER_DEFINED
0x008dae,outputSpark1,USER_DEFINED,USER_DEFINED
0x008de8,outputSpark2,USER_DEFINED,USER_DEFINED
0x008e28,ignitionTimingHardwareTimerSomething,USER_DEFINED,USER_DEFINED
0x008f2a,ignitionDwellOutputInit,USER_DEFINED,USER_DEFINED
0x009110,getIgnitionDwellTime,DEFAULT,heuristic
0x0091c6,ignitonSomethingCalc,USER_DEFINED,USER_DEFINED
0x009490,getIgnitionDwellTime,USER_DEFINED,USER_DEFINED
0x0094fc,someStrucureSOmething,USER_DEFINED,USER_DEFINED
0x009630,osTaskDispatcher,USER_DEFINED,USER_DEFINED
0x009744,CANControllerSetup,USER_DEFINED,USER_DEFINED
0x009890,placeCANRX,USER_DEFINED,USER_DEFINED
0x0099b0,txCAN_EventBased,USER_DEFINED,USER_DEFINED
0x009b08,getHCANSomething,USER_DEFINED,USER_DEFINED
0x009b92,doSomethingIfByteIs1InCANSetup,USER_DEFINED,USER_DEFINED
0x009d24,initializeCANRegisters,USER_DEFINED,USER_DEFINED
0x009efe,whileLoop,USER_DEFINED,USER_DEFINED
0x009f0c,setMainInitDoneBool??,USER_DEFINED,USER_DEFINED
0x009f48,noOp,USER_DEFINED,USER_DEFINED
0x009f4c,thunk_FUN_000114fc,DEFAULT,heuristic
0x009f52,thunk_FUN_0001141c,DEFAULT,heuristic
0x009f58,thunk_FUN_0000abfa,DEFAULT,heuristic
0x009f5e,callsMainCANLoop,USER_DEFINED,USER_DEFINED
0x009fce,callsEngineControlSLOW_TASK,USER_DEFINED,USER_DEFINED
0x009fea,callsSlowerEngineTask_TASK,USER_DEFINED,USER_DEFINED
0x00a022,callsEngineControlFunc13,USER_DEFINED,USER_DEFINED
0x00a076,callsE2ReadSlowTask,USER_DEFINED,USER_DEFINED
0x00a092,callsEngineControlDrivers,USER_DEFINED,USER_DEFINED
0x00a0b8,callsEngineControlFunctions,USER_DEFINED,USER_DEFINED
0x00a10e,putTaskInSchedule_FuelArrayStuff,USER_DEFINED,USER_DEFINED
0x00a13e,noOp_taskCall,USER_DEFINED,USER_DEFINED
0x00a230,setupStructRotorNumber?,USER_DEFINED,USER_DEFINED
0x00a266,getRotorNumberForControl?,USER_DEFINED,USER_DEFINED
0x00a2b6,updateTaskCallCounter,USER_DEFINED,USER_DEFINED
0x00a330,handleISR?,USER_DEFINED,USER_DEFINED
0x00a412,resetEventBuffer?,USER_DEFINED,USER_DEFINED
0x00a438,handleISRType?,USER_DEFINED,USER_DEFINED
0x00a4be,infiniteLoop,USER_DEFINED,USER_DEFINED
0x00a50e,set_CMCSR1_timer,USER_DEFINED,USER_DEFINED
0x00a522,genericTaskCaller?,USER_DEFINED,USER_DEFINED
0x00a936,apvHardwareOutputRelated?,USER_DEFINED,USER_DEFINED
0x00aa90,setAPVDC?,USER_DEFINED,USER_DEFINED
0x00ab8a,misfireDetectInit?,USER_DEFINED,USER_DEFINED
0x00ad2a,throttlePedalADCRead?,DEFAULT,heuristic
0x00aee8,throttlePedalADCRead?,USER_DEFINED,USER_DEFINED
0x00b99c,updateIO_MAYBE,USER_DEFINED,USER_DEFINED
0x00c0f0,knockLearn_Something??,USER_DEFINED,USER_DEFINED
0x00c116,enableDisableKnock?Control??,USER_DEFINED,USER_DEFINED
0x00c14c,knockFunctionInit,USER_DEFINED,USER_DEFINED
0x00c1f8,knockRelatedInit,USER_DEFINED,USER_DEFINED
0x00c290,knockSensorADCFault,USER_DEFINED,USER_DEFINED
0x00c338,functionDrivingTiming,USER_DEFINED,USER_DEFINED
0x00c3ce,getKnockSensorADC,USER_DEFINED,USER_DEFINED
0x00c486,knockRelatedFunction2,USER_DEFINED,USER_DEFINED
0x00c7ba,setupCoilOutputs,USER_DEFINED,USER_DEFINED
0x00c8dc,detectKnockOverTime,USER_DEFINED,USER_DEFINED
0x00ca7e,ignitionCoilPulse?,USER_DEFINED,USER_DEFINED
0x00ca9c,canControllerInitSomething??,USER_DEFINED,USER_DEFINED
0x00cab4,checkHCANRegisterStuff,USER_DEFINED,USER_DEFINED
0x00cacc,setCANRegisters,USER_DEFINED,USER_DEFINED
0x00cb42,HCANRegisterInit??,USER_DEFINED,USER_DEFINED
0x00cb9c,set_MCR_bits2_3,USER_DEFINED,USER_DEFINED
0x00cbf8,set_MCR_bits5_7,USER_DEFINED,USER_DEFINED
0x00cc1e,set_MCR_bit7,USER_DEFINED,USER_DEFINED
0x00cefe,getHCANRegisterAddress,USER_DEFINED,USER_DEFINED
0x00d13c,getBaroSensorValue,USER_DEFINED,USER_DEFINED
0x00d144,getBaroSensorVal,USER_DEFINED,USER_DEFINED
0x00d1e0,getRearO2Voltage,USER_DEFINED,USER_DEFINED
0x00d204,setISRVectorStartANDFPUInit,USER_DEFINED,USER_DEFINED
0x00d20c,handleManualReset?,USER_DEFINED,USER_DEFINED
0x00d21e,main??,USER_DEFINED,USER_DEFINED
0x00d262,interestingCANSomething,USER_DEFINED,USER_DEFINED
0x00d2f6,checksumSomething,USER_DEFINED,USER_DEFINED
0x00d72c,noOpFunction,USER_DEFINED,USER_DEFINED
0x00d9f4,canSetup,USER_DEFINED,USER_DEFINED
0x00da94,resetCANTimers,USER_DEFINED,USER_DEFINED
0x00dae8,canTimerInit??,USER_DEFINED,USER_DEFINED
0x00daf0,handleCANReset,USER_DEFINED,USER_DEFINED
0x00db58,CANTX_Main,USER_DEFINED,USER_DEFINED
0x00dbf6,CANRX_Main,USER_DEFINED,USER_DEFINED
0x00dcc0,checkCANsomethingKeyOnBased,USER_DEFINED,USER_DEFINED
0x00dddc,CANSetupSomethingDifferentBasedOnBit,USER_DEFINED,USER_DEFINED
0x00de72,EBCMCommEval,USER_DEFINED,USER_DEFINED
0x00df08,can216RXFaultEval,USER_DEFINED,USER_DEFINED
0x00dfb4,getCAN47RXStatus,USER_DEFINED,USER_DEFINED
0x00e03c,setMessageRXBool,USER_DEFINED,USER_DEFINED
0x00e044,setCANRXBool,USER_DEFINED,USER_DEFINED
0x00e054,setMsgRXFlag_??,USER_DEFINED,USER_DEFINED
0x00e064,resetToothCounterWithInjectorsOff?,USER_DEFINED,USER_DEFINED
0x00e1b4,injectorsOffFlagInit,USER_DEFINED,USER_DEFINED
0x00e1dc,calculateEngineRunningTimer2,USER_DEFINED,USER_DEFINED
0x00e1fe,getEngineOnTimeForOilMetering,USER_DEFINED,USER_DEFINED
0x00e220,calculateEngineRunningTimer,USER_DEFINED,USER_DEFINED
0x00e244,calculateEngineOnTime??,USER_DEFINED,USER_DEFINED
0x00e278,calculateEngineRunning,USER_DEFINED,USER_DEFINED
0x00e2ac,setEngineRunningInjectorsOffFlag,USER_DEFINED,USER_DEFINED
0x00e2d8,arbitrateFuelCut,USER_DEFINED,USER_DEFINED
0x00e444,getCrankingInjectionAngle?,DEFAULT,heuristic
0x00e448,getSomeValueBasedOnEngineSpeed,USER_DEFINED,USER_DEFINED
0x00e458,getCrankingInjectionAngle?,USER_DEFINED,USER_DEFINED
0x00e492,injectionTimingMaybe?,USER_DEFINED,USER_DEFINED
0x00e4f8,getFuelCutTimers,USER_DEFINED,USER_DEFINED
0x00e564,getFuelResumeThresholds,USER_DEFINED,USER_DEFINED
0x00e914,calculateOffThrottleFuelCut,USER_DEFINED,USER_DEFINED
0x00edc8,offThrottleFuelCutPerRotor,USER_DEFINED,USER_DEFINED
0x00ee68,revLimitFuelCutInit,USER_DEFINED,USER_DEFINED
0x00ee86,getConditionalsForRevLimit??,USER_DEFINED,USER_DEFINED
0x00eefe,calculateRevLimiterFuelCut,USER_DEFINED,USER_DEFINED
0x00f380,fuelingArrayInit?,USER_DEFINED,USER_DEFINED
0x00f922,setInjectorPulseWidthSomething,USER_DEFINED,USER_DEFINED
0x00f964,adjustInjectorPulseWidth,USER_DEFINED,USER_DEFINED
0x00fa0a,setBooleanVal,USER_DEFINED,USER_DEFINED
0x00fb90,setFuelCutDriver?,USER_DEFINED,USER_DEFINED
0x00feff,INT_ATU101_CMI10A,USER_DEFINED,USER_DEFINED
0x00ff08,getFuelCutRequest,USER_DEFINED,USER_DEFINED
0x00ff36,fuelInjectionRelated,USER_DEFINED,USER_DEFINED
0x00ffda,fuelInjectionTiming?,USER_DEFINED,USER_DEFINED
0x01020c,setAllInjectorto0?,USER_DEFINED,USER_DEFINED
0x010386,calculatePerRotorIgnitionDwell,DEFAULT,heuristic
0x010b34,engineStateBitwiseCalc?,USER_DEFINED,USER_DEFINED
0x010d5c,fucPointerCAll,USER_DEFINED,USER_DEFINED
0x010d82,setEngineCycle?,USER_DEFINED,USER_DEFINED
0x010e14,coilOutputSomething?,USER_DEFINED,USER_DEFINED
0x010ed2,getEngineCrankingStatusEnum??,USER_DEFINED,USER_DEFINED
0x010ee6,getEngineCrankingStatus?,USER_DEFINED,USER_DEFINED
0x010f04,setTimingArrayValuesForOutput?,USER_DEFINED,USER_DEFINED
0x010f72,returnOne,USER_DEFINED,USER_DEFINED
0x010f76,returnDwellTime_fp,USER_DEFINED,USER_DEFINED
0x010f84,outputPerRotorIgnitionDwell,USER_DEFINED,USER_DEFINED
0x010fea,calculatePerRotorIgnitionDwell,USER_DEFINED,USER_DEFINED
0x01107a,resetFunc?,USER_DEFINED,USER_DEFINED
0x011286,setEngineStatusRotor,USER_DEFINED,USER_DEFINED
0x01151a,functions,USER_DEFINED,USER_DEFINED
0x011540,someMainFunction,USER_DEFINED,USER_DEFINED
0x011584,throttleTask,USER_DEFINED,USER_DEFINED
0x0115aa,task,USER_DEFINED,USER_DEFINED
0x0117c8,engineControlTASK2,USER_DEFINED,USER_DEFINED
0x01182a,vehicleConditions,USER_DEFINED,USER_DEFINED
0x0118fe,emissionsRelatedFaultConditonals?,USER_DEFINED,USER_DEFINED
0x01194e,bunchOFuncs,USER_DEFINED,USER_DEFINED
0x011c1c,engineControlTASK,USER_DEFINED,USER_DEFINED
0x011c6a,noOp_func,USER_DEFINED,USER_DEFINED
0x011c72,bulkInits??,USER_DEFINED,USER_DEFINED
0x011ce4,counterFunc,DEFAULT,heuristic
0x011cea,thunk_FUN_00025c58,DEFAULT,heuristic
0x011cf0,osAdjustInjectorPW_AllRotors,USER_DEFINED,USER_DEFINED
0x011cfc,osAdjustInjectorPW_perRotor,USER_DEFINED,USER_DEFINED
0x011e00,osOBDCANRelated,USER_DEFINED,USER_DEFINED
0x011f40,thunk_FUN_0003a18c,DEFAULT,heuristic
0x011f54,getKnownBooleanValue??,USER_DEFINED,USER_DEFINED
0x011f78,calculateLeadingTimingBase,USER_DEFINED,USER_DEFINED
0x01202a,calculateTrailingTimingBase,USER_DEFINED,USER_DEFINED
0x012180,getIgnitionTimingInit,USER_DEFINED,USER_DEFINED
0x012192,getInitalLeadingTrailingAdvance?,USER_DEFINED,USER_DEFINED
0x0121a4,calculateDSCLeadingTimingDerate?,USER_DEFINED,USER_DEFINED
0x012236,modifyTiming,USER_DEFINED,USER_DEFINED
0x012294,calculateDSCTrailingTimingDerate?,USER_DEFINED,USER_DEFINED
0x012326,modifyTrailingTiming,USER_DEFINED,USER_DEFINED
0x012342,calculateLeadingTimingDerateCompensated,USER_DEFINED,USER_DEFINED
0x012352,calculateTrailingTimingDerateCompensated,USER_DEFINED,USER_DEFINED
0x012362,calculateLeadingTimingBaseFinal,USER_DEFINED,USER_DEFINED
0x012456,calculateTrailingTimingBaseFinal,USER_DEFINED,USER_DEFINED
0x01253c,calculateLeadingDerateRetard,USER_DEFINED,USER_DEFINED
0x012576,calculateTrailingDerateRetard,USER_DEFINED,USER_DEFINED
0x0125b0,defaultTimingMinMax,USER_DEFINED,USER_DEFINED
0x0126c0,calculateTrailingOffThrottleRetard?,USER_DEFINED,USER_DEFINED
0x0127e8,vehicleSpeedAndBrakingFuelCut?,USER_DEFINED,USER_DEFINED
0x012904,calculateOffThrottleTimingDerate,USER_DEFINED,USER_DEFINED
0x012b6a,calculateOffThrottleORFuelCutTimer,USER_DEFINED,USER_DEFINED
0x012bd6,calculateEngineLoadRatio?,USER_DEFINED,USER_DEFINED
0x012ce8,getEngineLimitTimingDerates?,USER_DEFINED,USER_DEFINED
0x012d30,engineConditionDetectForTimingModification,USER_DEFINED,USER_DEFINED
0x012e94,decayLookupSomething?,USER_DEFINED,USER_DEFINED
0x013070,timingDerateLogic?,USER_DEFINED,USER_DEFINED
0x01326e,finalLeadingTimingStuff?,USER_DEFINED,USER_DEFINED
0x0132ca,finalTrailingTimingStuff?,USER_DEFINED,USER_DEFINED
0x013368,getTdcCalc?,USER_DEFINED,USER_DEFINED
0x013414,idleLeadingTimingCorrection?,USER_DEFINED,USER_DEFINED
0x013544,idleTrailingTimingCorrection?,USER_DEFINED,USER_DEFINED
0x013674,updateKnockRamTHUNK,USER_DEFINED,USER_DEFINED
0x013686,getKnockControlAllowed??,USER_DEFINED,USER_DEFINED
0x0136d6,getKnockSensorFaultedStatus?,USER_DEFINED,USER_DEFINED
0x0136fe,getKnockControlActive,USER_DEFINED,USER_DEFINED
0x013760,calcKnockRAMUpdate?,USER_DEFINED,USER_DEFINED
0x013808,updateKnockMaxRAM,USER_DEFINED,USER_DEFINED
0x0138a4,calculateKnockConditonActiveTimingDerate,USER_DEFINED,USER_DEFINED
0x0139b4,calculateKnockConditonClearedAddTimingBack,USER_DEFINED,USER_DEFINED
0x013ae4,limitKnockRetardMax_ConditonalRPM,USER_DEFINED,USER_DEFINED
0x013b4a,limitKnockRetardMax_CalValue,USER_DEFINED,USER_DEFINED
0x013b5e,saturateBetweenKnockRetardMinMaxTables,USER_DEFINED,USER_DEFINED
0x013c44,getEngineConditionsForKnockControl??,USER_DEFINED,USER_DEFINED
0x013d1c,getConditonalsFor?,USER_DEFINED,USER_DEFINED
0x013e04,debounceThrottleRate,USER_DEFINED,USER_DEFINED
0x013e30,getCoolantBasedTimingDerate??,USER_DEFINED,USER_DEFINED
0x013e98,floatArrayToByteArrayLookup1,USER_DEFINED,USER_DEFINED
0x013f60,floatArrayToByteArrayLookup2,USER_DEFINED,USER_DEFINED
0x013ff4,calcLeadingTimingIATCompensation,USER_DEFINED,USER_DEFINED
0x014064,calculateAllTimingLoadCompensation,USER_DEFINED,USER_DEFINED
0x0141fc,engineControlCalculateTiming,USER_DEFINED,USER_DEFINED
0x0143d2,fuelCutCondtionRelated,USER_DEFINED,USER_DEFINED
0x014586,torqueModelRealted,USER_DEFINED,USER_DEFINED
0x0145bc,calculateLeadingTimingCompensations,USER_DEFINED,USER_DEFINED
0x0145da,leadingAndTrailingSeperationMain,USER_DEFINED,USER_DEFINED
0x014614,updateKnockRamTHUNK,DEFAULT,heuristic
0x01461a,thunk_FUN_0001367e,DEFAULT,heuristic
0x0146d4,setPerRotorTimingValuesLeading,USER_DEFINED,USER_DEFINED
0x01470a,setPerRotorTimingValuesTrailing,USER_DEFINED,USER_DEFINED
0x01476c,engineCrankingConditionsInit??,USER_DEFINED,USER_DEFINED
0x01477c,getEngineCrankingState??,USER_DEFINED,USER_DEFINED
0x0148a4,detectIdleConditions???,USER_DEFINED,USER_DEFINED
0x014b0a,updateIdleTimersMAYBE??,USER_DEFINED,USER_DEFINED
0x014c70,idleTableLookupRelated?,USER_DEFINED,USER_DEFINED
0x014fcc,calculateBaseIdleTarget,USER_DEFINED,USER_DEFINED
0x015614,getIdleTargetMinimums,USER_DEFINED,USER_DEFINED
0x015726,getEngineTurnOnIdle,USER_DEFINED,USER_DEFINED
0x0165c4,updateIdleControl??,USER_DEFINED,USER_DEFINED
0x016672,thunk_FUN_00015d78,DEFAULT,heuristic
0x016678,thunk_FUN_00015d92,DEFAULT,heuristic
0x0167d8,ImmoRelatedFaultSomething?,USER_DEFINED,USER_DEFINED
0x016924,readImmoBit,USER_DEFINED,USER_DEFINED
0x016b30,calcOilMetering,USER_DEFINED,USER_DEFINED
0x01721c,knockRelatedFUNC,USER_DEFINED,USER_DEFINED
0x017584,setsOilInjectionVars_dscRelated?,USER_DEFINED,USER_DEFINED
0x0178e8,calculateKnockTimingDerateConditionEvents,USER_DEFINED,USER_DEFINED
0x017a38,slowerRunFunction_OilMetering?,USER_DEFINED,USER_DEFINED
0x017ab0,batteryRelatedFaults??,USER_DEFINED,USER_DEFINED
0x017d7a,oilMeteringSomething,USER_DEFINED,USER_DEFINED
0x018d3c,dscRelatedTiming?,USER_DEFINED,USER_DEFINED
0x0192d4,setsEngineFaultTypeThing,USER_DEFINED,USER_DEFINED
0x0193b4,getSecondaryAirPumpRequest,USER_DEFINED,USER_DEFINED
0x0194a0,getConditonalsFuelCutRelated?,USER_DEFINED,USER_DEFINED
0x0195f4,getVehicleCondtions,USER_DEFINED,USER_DEFINED
0x0196e6,getConditionals,USER_DEFINED,USER_DEFINED
0x0198fa,evaluateFuelCutCondtionUnknown,USER_DEFINED,USER_DEFINED
0x019a5e,adcCoolantTemp2Volts,USER_DEFINED,USER_DEFINED
0x019a76,coolantTempRAMWrite,USER_DEFINED,USER_DEFINED
0x019ab2,decrementTempForCatModel??,USER_DEFINED,USER_DEFINED
0x019b40,getAppValsClippedAndFiltered,USER_DEFINED,USER_DEFINED
0x019b5c,getAPPDVals,USER_DEFINED,USER_DEFINED
0x019b82,filterSomething,USER_DEFINED,USER_DEFINED
0x019ba0,getAPPEVals,USER_DEFINED,USER_DEFINED
0x019bc6,filterSomething2,USER_DEFINED,USER_DEFINED
0x019f36,validateThrottleInptuts?,USER_DEFINED,USER_DEFINED
0x019fc0,calculateThrottlePedalPercent,USER_DEFINED,USER_DEFINED
0x01a2e8,calculateKeyOnTime,USER_DEFINED,USER_DEFINED
0x01a310,calculateKeyOffTime,USER_DEFINED,USER_DEFINED
0x01a35c,getIOUpdates?,USER_DEFINED,USER_DEFINED
0x01a4e6,engineControlGetAir,USER_DEFINED,USER_DEFINED
0x01a534,getMAFVoltage,USER_DEFINED,USER_DEFINED
0x01a68c,initOrNewLoopMAYBE,USER_DEFINED,USER_DEFINED
0x01a728,calculateDriverInputs,USER_DEFINED,USER_DEFINED
0x01a7fa,vehicleConditionRelatedFuntions,USER_DEFINED,USER_DEFINED
0x01a940,getVehicleCondtions??,USER_DEFINED,USER_DEFINED
0x01aa1e,sensorStuff,USER_DEFINED,USER_DEFINED
0x01ab36,thunk_FUN_0003f1d8,DEFAULT,heuristic
0x01acae,MAFRelated,USER_DEFINED,USER_DEFINED
0x01ade6,filterMAF??,USER_DEFINED,USER_DEFINED
0x01ae8a,calcThrottleBasedMAF,USER_DEFINED,USER_DEFINED
0x01af10,calculateLoadGramsPerRev,USER_DEFINED,USER_DEFINED
0x01afcc,getDriverOffThrottleTimer??,USER_DEFINED,USER_DEFINED
0x01b014,getDriverOffThrottleInstatanious,USER_DEFINED,USER_DEFINED
0x01b136,writeO2SensorForApplication,USER_DEFINED,USER_DEFINED
0x01b170,fuelingRealtedInitalVals??,USER_DEFINED,USER_DEFINED
0x01b264,getLambda?,USER_DEFINED,USER_DEFINED
0x01b548,filterActualLambda,USER_DEFINED,USER_DEFINED
0x01b6b0,getCloseLoopErrorBools?,USER_DEFINED,USER_DEFINED
0x01c3f0,calculateThrottlePedalPercentForSomethingElse?,USER_DEFINED,USER_DEFINED
0x01c75e,updateConditonalCounter,USER_DEFINED,USER_DEFINED
0x01c8e2,adcIAT2Volts,USER_DEFINED,USER_DEFINED
0x01c948,IATPlausiblityCheck???,USER_DEFINED,USER_DEFINED
0x01cbec,getEngineFuelingStatus?,USER_DEFINED,USER_DEFINED
0x01cdcc,secondaryAirRequestStuff,USER_DEFINED,USER_DEFINED
0x01d694,CLFuelingRealted??,USER_DEFINED,USER_DEFINED
0x01d8cc,getSomeEnrichmentSomethings?,USER_DEFINED,USER_DEFINED
0x01de3a,closedLoopFuelMassCalc??,USER_DEFINED,USER_DEFINED
0x01e114,rearO2Correction_MAYBE?,USER_DEFINED,USER_DEFINED
0x01e1d2,rearO2CalculatedSomething,USER_DEFINED,USER_DEFINED
0x01e2b0,getRearO2FilteredValue,USER_DEFINED,USER_DEFINED
0x01e33c,calcRearO2FuelTrim,USER_DEFINED,USER_DEFINED
0x01e72c,calculateRearO2SomethingIntegrator??,USER_DEFINED,USER_DEFINED
0x01e85c,calcColdStartEnrichment??,USER_DEFINED,USER_DEFINED
0x01e8cc,getFuelCutRequestForTorqueModel?,USER_DEFINED,USER_DEFINED
0x01eb94,fuelTrimRelated?,USER_DEFINED,USER_DEFINED
0x01eea8,LTFTRelated,USER_DEFINED,USER_DEFINED
0x01f2a2,getMAFOpertionRange,USER_DEFINED,USER_DEFINED
0x01f360,LTFTForCAN??,USER_DEFINED,USER_DEFINED
0x01f74e,setFaultFreezeFrameDataOrDerivative?,USER_DEFINED,USER_DEFINED
0x01f890,setClosedLoopBool,USER_DEFINED,USER_DEFINED
0x01f8aa,calcOpenLoopFuelingTarget,USER_DEFINED,USER_DEFINED
0x01fb24,calcCLorOLControl,USER_DEFINED,USER_DEFINED
0x0205ac,engineConditonSomething,USER_DEFINED,USER_DEFINED
0x0207a8,fuelingStateStuff??,USER_DEFINED,USER_DEFINED
0x020b26,calculateOLMultiplier,USER_DEFINED,USER_DEFINED
0x020cac,CLChangeoverEnrichment??,USER_DEFINED,USER_DEFINED
0x020eec,MAFStuff_MaybeVE??,USER_DEFINED,USER_DEFINED
0x0210a4,driverOffThrottleSetPrevLoop,USER_DEFINED,USER_DEFINED
0x0210b6,rotor1FuelCutOSCall,USER_DEFINED,USER_DEFINED
0x021228,rotor2FuelCutOSCall,USER_DEFINED,USER_DEFINED
0x02138a,allRotorFuelCutOSCall,USER_DEFINED,USER_DEFINED
0x021534,getInjectorRelatedEvalCondtion,USER_DEFINED,USER_DEFINED
0x021580,calculateInjectorAdjustmentAmount?,USER_DEFINED,USER_DEFINED
0x02165c,calcInjectorCompensationTimers,USER_DEFINED,USER_DEFINED
0x0216d4,setPrevLoops??,USER_DEFINED,USER_DEFINED
0x021762,perRotorFuelCut??,USER_DEFINED,USER_DEFINED
0x0217b2,engineControlGetFueling,USER_DEFINED,USER_DEFINED
0x0218f4,crankingRelatedFunc,USER_DEFINED,USER_DEFINED
0x021a72,callIPWAdjustment?,USER_DEFINED,USER_DEFINED
0x021ab6,offThrottleFuelCutMain,USER_DEFINED,USER_DEFINED
0x021af8,injectorCompensationStuff?,USER_DEFINED,USER_DEFINED
0x021b6a,OLFueling??,USER_DEFINED,USER_DEFINED
0x021bb2,getFuelingSlowtask?,USER_DEFINED,USER_DEFINED
0x021e64,acCompressorLeadingTimingRetard,USER_DEFINED,USER_DEFINED
0x021f64,acCompressorTrailingTimingRetard,USER_DEFINED,USER_DEFINED
0x022064,throttlePlateCompensation?,USER_DEFINED,USER_DEFINED
0x0220cc,ssvControl??,DEFAULT,heuristic
0x0220d2,getSSVControl,USER_DEFINED,USER_DEFINED
0x0220f8,ssvControl??,USER_DEFINED,USER_DEFINED
0x022230,throttlePlateControl_Related,USER_DEFINED,USER_DEFINED
0x0222dc,throttleMapDetermineBools?,USER_DEFINED,USER_DEFINED
0x0223ec,throttlePlatePosToTorqueOutput?,USER_DEFINED,USER_DEFINED
0x022454,getThrottleBasedTorque_Related,USER_DEFINED,USER_DEFINED
0x0224b8,throttlePlateTorqueStuff,USER_DEFINED,USER_DEFINED
0x0224f0,thunk_FUN_00025914,DEFAULT,heuristic
0x0224f6,evapRelated,USER_DEFINED,USER_DEFINED
0x022bb4,thunk_FUN_00025cc0,DEFAULT,heuristic
0x022bba,rearO2HeaterControlMain?,USER_DEFINED,USER_DEFINED
0x022d20,rearO2HeaterControl??,USER_DEFINED,USER_DEFINED
0x022ea4,noOp,USER_DEFINED,USER_DEFINED
0x02326c,calculateThrottlePedalPositionMapBased,USER_DEFINED,USER_DEFINED
0x0233a4,calculateThrottlePlateRequest??,USER_DEFINED,USER_DEFINED
0x0235cc,filterThrottlePlatePosRequest,USER_DEFINED,USER_DEFINED
0x0237ee,updateMemPtr??,DEFAULT,heuristic
0x0237f4,getThrottleControl,USER_DEFINED,USER_DEFINED
0x023c60,throttlePlateCompensation??,USER_DEFINED,USER_DEFINED
0x023fda,thunk_FUN_00023f40,DEFAULT,heuristic
0x0247c2,updateFaults???,USER_DEFINED,USER_DEFINED
0x024d3e,interstingFunc,USER_DEFINED,USER_DEFINED
0x0253cc,getAutoTransCal??,USER_DEFINED,USER_DEFINED
0x025722,initPredictedEngineSpeed,USER_DEFINED,USER_DEFINED
0x02572e,getEngineSpeed,USER_DEFINED,USER_DEFINED
0x025752,filterEngineSpeed,USER_DEFINED,USER_DEFINED
0x0257d6,calculatePredictedEngineSpeed?,USER_DEFINED,USER_DEFINED
0x025b18,setValues,USER_DEFINED,USER_DEFINED
0x025b36,counterFunction,USER_DEFINED,USER_DEFINED
0x025b40,counterFunction2,USER_DEFINED,USER_DEFINED
0x025c34,setValues,DEFAULT,heuristic
0x025c3a,thunk_FUN_00025b26,DEFAULT,heuristic
0x025c40,counterFunc,USER_DEFINED,USER_DEFINED
0x025c90,thunk_FUN_00025b2e,DEFAULT,heuristic
0x025df4,setImmoLight??,USER_DEFINED,USER_DEFINED
0x025ec4,filterBatteryVoltage,USER_DEFINED,USER_DEFINED
0x025f98,calculateOutputforAlternator,USER_DEFINED,USER_DEFINED
0x026044,alternatorStuff,USER_DEFINED,USER_DEFINED
0x02619a,getBatteryVoltageStatus,USER_DEFINED,USER_DEFINED
0x026298,getAlternatorFaultStatus,USER_DEFINED,USER_DEFINED
0x0262dc,calculateECMOverVolt,USER_DEFINED,USER_DEFINED
0x026308,getAlternatorSpeedConditonal,USER_DEFINED,USER_DEFINED
0x026340,updateEngineRunningLessThan60Timer,USER_DEFINED,USER_DEFINED
0x02639a,getVehicleConditionforAlternatorControl,USER_DEFINED,USER_DEFINED
0x02644c,calculate12VBatteryTemperature,USER_DEFINED,USER_DEFINED
0x026520,calcDesiredAlternatorVoltage,USER_DEFINED,USER_DEFINED
0x026a94,altneratorVoltageController,USER_DEFINED,USER_DEFINED
0x026c62,filterAlternatorDCOutput,USER_DEFINED,USER_DEFINED
0x026f48,calculateAlternatorDiagDCOutput,USER_DEFINED,USER_DEFINED
0x027084,setAlternatorWarningLight,USER_DEFINED,USER_DEFINED
0x0270ea,alternatorControlMain,USER_DEFINED,USER_DEFINED
0x027132,alternatorControl,USER_DEFINED,USER_DEFINED
0x02718c,alternatorControlMain,USER_DEFINED,USER_DEFINED
0x0275cc,calculateEngineSpeedDelta,USER_DEFINED,USER_DEFINED
0x027700,looksForEngineSpeedDelta,USER_DEFINED,USER_DEFINED
0x027ca4,calculateEngineNotLeanCounter,USER_DEFINED,USER_DEFINED
0x0284d6,eShaftLearn?,USER_DEFINED,USER_DEFINED
0x02912e,largeFunction,USER_DEFINED,USER_DEFINED
0x0292ba,getSomeEngineConditions,USER_DEFINED,USER_DEFINED
0x02931c,thunk_FUN_00027a26,DEFAULT,heuristic
0x029554,init420CAN,USER_DEFINED,USER_DEFINED
0x02955a,can420TX_getAndPack,USER_DEFINED,USER_DEFINED
0x029584,reset420CANTimer,USER_DEFINED,USER_DEFINED
0x02958c,can420TXPack,USER_DEFINED,USER_DEFINED
0x0295c4,updateCAN420Data,USER_DEFINED,USER_DEFINED
0x0295e8,getOdoBroadcastForCAN,USER_DEFINED,USER_DEFINED
0x0295f2,stubByte420TX,USER_DEFINED,USER_DEFINED
0x0295fa,setOilPressureGaugeStatus,USER_DEFINED,USER_DEFINED
0x029620,calcMILStatusForCAN,USER_DEFINED,USER_DEFINED
0x0296cc,scaleCoolantTempForCAN??,USER_DEFINED,USER_DEFINED
0x029738,canRX_216_stubs?,USER_DEFINED,USER_DEFINED
0x029768,CAN216RX_Main,USER_DEFINED,USER_DEFINED
0x02979a,can216RXTimer,USER_DEFINED,USER_DEFINED
0x029860,can216RXUnpack,USER_DEFINED,USER_DEFINED
0x0298a4,can216RXParse?,USER_DEFINED,USER_DEFINED
0x0299d0,can216ResetTimer,USER_DEFINED,USER_DEFINED
0x0299da,CANRX216TimeoutCount,USER_DEFINED,USER_DEFINED
0x029a18,thunk_FUN_00029adc,DEFAULT,heuristic
0x029a1c,CAN231TX_Main,USER_DEFINED,USER_DEFINED
0x029a46,can231SetupTx,USER_DEFINED,USER_DEFINED
0x029a6e,can231TxPack,USER_DEFINED,USER_DEFINED
0x029b52,can201TX_getAndPack,USER_DEFINED,USER_DEFINED
0x029b84,can201Pack,USER_DEFINED,USER_DEFINED
0x029bc4,getCAN201Values,USER_DEFINED,USER_DEFINED
0x029c1c,stubCAN201Byte2_3,USER_DEFINED,USER_DEFINED
0x029ce0,stubCAN201_byte7,USER_DEFINED,USER_DEFINED
0x029dc2,can203TX_getAndPack,USER_DEFINED,USER_DEFINED
0x029df4,can203pack,USER_DEFINED,USER_DEFINED
0x029e28,getEngineTorqueMetricsForCAN,USER_DEFINED,USER_DEFINED
0x029e92,torqueCaltoCAN203_byte4,USER_DEFINED,USER_DEFINED
0x029ed4,can203EngineStatusPack,USER_DEFINED,USER_DEFINED
0x029f36,stubCAN203TX_byte6,USER_DEFINED,USER_DEFINED
0x029f3e,getActualEngineTorque_related1,USER_DEFINED,USER_DEFINED
0x02a0c0,calculateDesiredTorque_??,USER_DEFINED,USER_DEFINED
0x02a264,getEngineTorqueMaxCal,USER_DEFINED,USER_DEFINED
0x02a2a4,getEngineTorqueMax_Int,USER_DEFINED,USER_DEFINED
0x02a3e2,can251TX_getAndPack,USER_DEFINED,USER_DEFINED
0x02a414,can215TXpack,USER_DEFINED,USER_DEFINED
0x02a4a0,FUNC_ThrottleMapRelated1,USER_DEFINED,USER_DEFINED
0x02a8f4,canInitVals,USER_DEFINED,USER_DEFINED
0x02a9ba,CANHandler,USER_DEFINED,USER_DEFINED
0x02aa02,updateDSCRelatedCANStuff??,USER_DEFINED,USER_DEFINED
0x02aa62,checkCANFaults??,USER_DEFINED,USER_DEFINED
0x02aaf2,setOBDCANTXVars,USER_DEFINED,USER_DEFINED
0x02ab28,thunk_FUN_00029758,DEFAULT,heuristic
0x02ab2e,thunk_FUN_00029760,DEFAULT,heuristic
0x02ac4c,canMessageSetup,USER_DEFINED,USER_DEFINED
0x02b1dc,dealsWithVehSpeed,USER_DEFINED,USER_DEFINED
0x02b740,thunk_FUN_0002b974,DEFAULT,heuristic
0x02b744,CAN4B0RX_Main,USER_DEFINED,USER_DEFINED
0x02b79a,parseWheelSpeedsAndVehicleSpeed??,USER_DEFINED,USER_DEFINED
0x02b8aa,calculateIfVehicleMoving,USER_DEFINED,USER_DEFINED
0x02b8d2,calculateWheelspeed_LR_Validity,USER_DEFINED,USER_DEFINED
0x02b8fe,calculateWheelspeed_RR_Validity,USER_DEFINED,USER_DEFINED
0x02b92a,canrx4b0related,USER_DEFINED,USER_DEFINED
0x02b9ec,thunk_FUN_0002c048,DEFAULT,heuristic
0x02b9f0,CAN212RX_Main,USER_DEFINED,USER_DEFINED
0x02ba68,can212RXSignalValidity??,USER_DEFINED,USER_DEFINED
0x02bb0c,calculateEngineMaxTorqueAllowed_??,USER_DEFINED,USER_DEFINED
0x02be16,DSC_checkIfMode_x80,USER_DEFINED,USER_DEFINED
0x02bea8,DSC_checkIfMode_x40,USER_DEFINED,USER_DEFINED
0x02bedc,DSC_checkIfMode_x20,USER_DEFINED,USER_DEFINED
0x02befa,DSC_checkIfMode_x10,USER_DEFINED,USER_DEFINED
0x02bf36,can212RXUnpack,USER_DEFINED,USER_DEFINED
0x02bf6a,checkTorqueRequestValidity,USER_DEFINED,USER_DEFINED
0x02c0a8,thunk_FUN_0002c0dc,DEFAULT,heuristic
0x02c0ac,CAN4C0RX_Main,USER_DEFINED,USER_DEFINED
0x02c132,can650TX_getAndPack,USER_DEFINED,USER_DEFINED
0x02c250,writeOilPressureLight??,USER_DEFINED,USER_DEFINED
0x02c2d0,writeOilPressureGauge??,USER_DEFINED,USER_DEFINED
0x02c37e,getInitalTimingValues??,USER_DEFINED,USER_DEFINED
0x02c388,getIgnitionRelatedCalsForSomething,USER_DEFINED,USER_DEFINED
0x02c3ae,crankingTimingInitSomething?,USER_DEFINED,USER_DEFINED
0x02c548,checkFuelCutStatusForSomething,USER_DEFINED,USER_DEFINED
0x02c5d0,calculateCruiseControlSwitchVolt,USER_DEFINED,USER_DEFINED
0x02c5f8,calculateCruiseControlDriverRequest,USER_DEFINED,USER_DEFINED
0x02c8ac,setGearBools,USER_DEFINED,USER_DEFINED
0x02c912,debounceGearConditionAutoTransMAYBE,USER_DEFINED,USER_DEFINED
0x02cadc,calculateGearRPMbased,USER_DEFINED,USER_DEFINED
0x02cb6a,debounceCalculatedGear,USER_DEFINED,USER_DEFINED
0x02cd2e,can231TX_getAndPack,USER_DEFINED,USER_DEFINED
0x02cd60,canPackandTx231,USER_DEFINED,USER_DEFINED
0x02ce0c,dscDerateInit?,USER_DEFINED,USER_DEFINED
0x02ceb8,getCondtionsForSomething,USER_DEFINED,USER_DEFINED
0x02cffa,dscMapSelectModex20,USER_DEFINED,USER_DEFINED
0x02d0ce,dscPerRotorCut?,USER_DEFINED,USER_DEFINED
0x02d132,get3DLookupConditionalMultiplierOfSomeSort,USER_DEFINED,USER_DEFINED
0x02d1c0,arbitrateDSCFuelCut?,USER_DEFINED,USER_DEFINED
0x02d204,nothingFunc4,USER_DEFINED,USER_DEFINED
0x02d208,calculateTorqueRelatedParams,USER_DEFINED,USER_DEFINED
0x02d2b8,getRPMLoadBasedMult,USER_DEFINED,USER_DEFINED
0x02d2d0,getLeadingTimingTCModeA_4_val,USER_DEFINED,USER_DEFINED
0x02d2e8,getEngineTrqFromLookup,USER_DEFINED,USER_DEFINED
0x02d300,calculateTorqueRelated,USER_DEFINED,USER_DEFINED
0x02d320,calculateEngineMaxTorquePcnt??,USER_DEFINED,USER_DEFINED
0x02d38c,calculateEngTorqueWithLosses,USER_DEFINED,USER_DEFINED
0x02d3a2,calculateTotalRequestedTrqPcnt,USER_DEFINED,USER_DEFINED
0x02d3b8,calculateEngineTorqueWithTimingLoss??,USER_DEFINED,USER_DEFINED
0x02d456,getRPMBasedTorqueAdder,USER_DEFINED,USER_DEFINED
0x02d46e,getDesiredTorqueCalcVar2,USER_DEFINED,USER_DEFINED
0x02d486,getDesiredTorqueCalcVar3,USER_DEFINED,USER_DEFINED
0x02d586,calculateVehicleAccel,USER_DEFINED,USER_DEFINED
0x02d5a0,filterVehicleAccel,USER_DEFINED,USER_DEFINED
0x02d924,calculateCruiseControlDisableCondition,USER_DEFINED,USER_DEFINED
0x02d9bc,cruiseControlUndershootingPlausibilityMon,USER_DEFINED,USER_DEFINED
0x02db00,cruiseControlOvershootPlausibilityMon,USER_DEFINED,USER_DEFINED
0x02dbc4,getCruiseControlAllowedBool??,USER_DEFINED,USER_DEFINED
0x02dcdc,calculateCruiseControlFFTorque,USER_DEFINED,USER_DEFINED
0x02de64,calculateCruiseControlProportionalTorque??,USER_DEFINED,USER_DEFINED
0x02e50c,calculateCruiseControlFinalTorque,USER_DEFINED,USER_DEFINED
0x02e66c,cruiseControlStateStuff,USER_DEFINED,USER_DEFINED
0x02eb1e,nothingFunc3,USER_DEFINED,USER_DEFINED
0x02eb22,cruiseControlFunctions,USER_DEFINED,USER_DEFINED
0x02eb40,cruiseControlMain??,USER_DEFINED,USER_DEFINED
0x02ebee,getCruiseControlE2Metrics,USER_DEFINED,USER_DEFINED
0x02ecf8,setACClutchOutput,USER_DEFINED,USER_DEFINED
0x02ed54,calculateACClutchOn??,USER_DEFINED,USER_DEFINED
0x02ee5c,getACCompressorStates?,USER_DEFINED,USER_DEFINED
0x02efd4,calcACCompressorRequest,USER_DEFINED,USER_DEFINED
0x02f5d4,thunk_FUN_0002ecb8,DEFAULT,heuristic
0x02f5da,acCompressorControlMain???,USER_DEFINED,USER_DEFINED
0x02f640,initFanControl,USER_DEFINED,USER_DEFINED
0x02f694,setFanOutputGPIO,USER_DEFINED,USER_DEFINED
0x02f718,initFanControl,DEFAULT,heuristic
0x02f71e,fanControlMain,USER_DEFINED,USER_DEFINED
0x02f764,calcFanControlFaultRelated_MAYBE,USER_DEFINED,USER_DEFINED
0x02f9d2,calcFan1Control,USER_DEFINED,USER_DEFINED
0x02fb14,calcFan2Control,USER_DEFINED,USER_DEFINED
0x02fd20,getACSwitchStatus,USER_DEFINED,USER_DEFINED
0x02fe14,getOBDFuelModificationRequest,USER_DEFINED,USER_DEFINED
0x02fe88,filterFuelVolumeRequest,USER_DEFINED,USER_DEFINED
0x02feb4,calculateFuelingRequestMaxForOBDControl,USER_DEFINED,USER_DEFINED
0x02ffd8,fuelingAddOBDControlMode?,USER_DEFINED,USER_DEFINED
0x0301b0,calculateEngineTemperatures,USER_DEFINED,USER_DEFINED
0x0301f6,getInjectorTempBasedMultiplierLookups,USER_DEFINED,USER_DEFINED
0x030268,getEstimatedManifoldPressure,USER_DEFINED,USER_DEFINED
0x0302b8,calcRelativePressure,USER_DEFINED,USER_DEFINED
0x0302d6,getInjctorManifoldVacuumCompensationMult,USER_DEFINED,USER_DEFINED
0x0302f4,getBaroPressureMult,USER_DEFINED,USER_DEFINED
0x030344,injectorPulseTimeArbitrate_crankAddTimer,USER_DEFINED,USER_DEFINED
0x030414,getFuelInectorLatencyCals,USER_DEFINED,USER_DEFINED
0x0304cc,getInjectorOnTimeCompensations,USER_DEFINED,USER_DEFINED
0x030570,setInjectorStuffPrevLoop?,USER_DEFINED,USER_DEFINED
0x030586,initIPWValue?,USER_DEFINED,USER_DEFINED
0x03059e,setCrankingInjectorPWCondtionalBased,USER_DEFINED,USER_DEFINED
0x0306b4,calcInjectorCrankingTime??,USER_DEFINED,USER_DEFINED
0x030700,getCrankingInjectorPulseTime,USER_DEFINED,USER_DEFINED
0x030728,getDiagnosticFuelPulseCranking?,USER_DEFINED,USER_DEFINED
0x03083c,throttleDownDeFloodCheck?,USER_DEFINED,USER_DEFINED
0x03089a,setStartupInjectorPwMult,USER_DEFINED,USER_DEFINED
0x030904,handleDiagInjectorPulseSomething?,USER_DEFINED,USER_DEFINED
0x030b14,diagCrankingInjectorPulseAdder?,USER_DEFINED,USER_DEFINED
0x030b84,calcFuelVolumeRequest,USER_DEFINED,USER_DEFINED
0x030c7c,getClosedLoopTarget?,USER_DEFINED,USER_DEFINED
0x030de4,calculateFuelAmountPerRotationMinMax,USER_DEFINED,USER_DEFINED
0x030fa4,calcFuelRequestConditons,USER_DEFINED,USER_DEFINED
0x0313f0,calcInjectorOnTime,USER_DEFINED,USER_DEFINED
0x0317a0,getBrakeSwitchInput,USER_DEFINED,USER_DEFINED
0x0317c0,getBrakeSwitchWithKeyOn,USER_DEFINED,USER_DEFINED
0x0317e4,secondaryAirRelated??,USER_DEFINED,USER_DEFINED
0x031978,calculateAirVolume??,USER_DEFINED,USER_DEFINED
0x031acc,calculateSecondaryAirPumpEnirchment,USER_DEFINED,USER_DEFINED
0x031ba0,turnOnSecondaryAir??,USER_DEFINED,USER_DEFINED
0x031bf2,calculateSecondaryAirOnTime,USER_DEFINED,USER_DEFINED
0x031c50,secondaryAirRelated,USER_DEFINED,USER_DEFINED
0x031dca,getEngineOffTimer,USER_DEFINED,USER_DEFINED
0x031df2,getSecondaryAirOnTimer,USER_DEFINED,USER_DEFINED
0x032094,setAPVDC?,USER_DEFINED,USER_DEFINED
0x0320c8,apvControl?,USER_DEFINED,USER_DEFINED
0x032114,calcAPVControl,USER_DEFINED,USER_DEFINED
0x032376,apvPositionVoltageCounter,USER_DEFINED,USER_DEFINED
0x0323b2,calcAPVCounter,USER_DEFINED,USER_DEFINED
0x0323da,getAPVConditions?,USER_DEFINED,USER_DEFINED
0x03256e,filterVehicleSpeed,USER_DEFINED,USER_DEFINED
0x0325ac,cruiseControllAccelResCheck??,USER_DEFINED,USER_DEFINED
0x032750,cruiseControlACCELRESAllowed?,USER_DEFINED,USER_DEFINED
0x0327ce,debounceCruiseControlSET,USER_DEFINED,USER_DEFINED
0x032820,debounceCruiseControlACCELRES,USER_DEFINED,USER_DEFINED
0x0328d4,cruiseControlSetRealted,USER_DEFINED,USER_DEFINED
0x032abc,calculateCruiseControlSpeedTarget,USER_DEFINED,USER_DEFINED
0x032de2,can630TX_getAndPack,USER_DEFINED,USER_DEFINED
0x032e14,can630_pack,USER_DEFINED,USER_DEFINED
0x032e3e,packPrepareCANTX630,USER_DEFINED,USER_DEFINED
0x032ed6,can620TX_getAndPack,USER_DEFINED,USER_DEFINED
0x032f08,can620Pack,USER_DEFINED,USER_DEFINED
0x032f8a,speedLimiterSetLimitType??,USER_DEFINED,USER_DEFINED
0x03303c,thunk_FUN_000330b2,DEFAULT,heuristic
0x033040,CAN430RX_Main,USER_DEFINED,USER_DEFINED
0x03306a,can430rx_unpack,USER_DEFINED,USER_DEFINED
0x033124,coldEngineCompensation?,USER_DEFINED,USER_DEFINED
0x033200,coolantTempSubtractorsForCatModel,USER_DEFINED,USER_DEFINED
0x033264,getCrankEnrichment?,USER_DEFINED,USER_DEFINED
0x033366,speedLimitRelated??,USER_DEFINED,USER_DEFINED
0x0333c6,applySpeedLimiter???,USER_DEFINED,USER_DEFINED
0x033460,somethingPIController???,USER_DEFINED,USER_DEFINED
0x0336a4,idleControlRealted??,USER_DEFINED,USER_DEFINED
0x03390c,knockControlInit,USER_DEFINED,USER_DEFINED
0x03395a,knockMultiplierInit,USER_DEFINED,USER_DEFINED
0x033982,knockInit,USER_DEFINED,USER_DEFINED
0x033992,knockConditonalInit,USER_DEFINED,USER_DEFINED
0x033a18,knockTimingRelated,USER_DEFINED,USER_DEFINED
0x033cb2,detectKnockCondition??,USER_DEFINED,USER_DEFINED
0x033da4,throttlePedalParameters,USER_DEFINED,USER_DEFINED
0x033f20,detectDriverIntentKnockControl?,USER_DEFINED,USER_DEFINED
0x033fa4,calculateKnockConditionA,USER_DEFINED,USER_DEFINED
0x0341d0,resetCounter,USER_DEFINED,USER_DEFINED
0x0341da,setEngineLoadInitalVal,USER_DEFINED,USER_DEFINED
0x0341e4,airPerStroke,USER_DEFINED,USER_DEFINED
0x0341f4,calculateEngineLoadMax,USER_DEFINED,USER_DEFINED
0x034228,getMaxLoadCompensations,USER_DEFINED,USER_DEFINED
0x03424a,calculateEngineLoad,USER_DEFINED,USER_DEFINED
0x034536,resetLTFTRelated,USER_DEFINED,USER_DEFINED
0x0345c4,getThrottlePositionFault??,USER_DEFINED,USER_DEFINED
0x0345f0,getTotalLoadDeltaEnrich??,USER_DEFINED,USER_DEFINED
0x03477c,getRotor1LoadDeltaEnrich??,USER_DEFINED,USER_DEFINED
0x03484e,getRotor2LoadDeltaEnrich??,USER_DEFINED,USER_DEFINED
0x0348cc,getEngineStartupEnrichValue,USER_DEFINED,USER_DEFINED
0x0348ee,derateEngineStartupEnrich,USER_DEFINED,USER_DEFINED
0x034964,fuelingStartupMultiplierStuff,USER_DEFINED,USER_DEFINED
0x0349d8,resetStartupEnrich??,USER_DEFINED,USER_DEFINED
0x034a30,setEngineLoadsPrevLoop,USER_DEFINED,USER_DEFINED
0x034a84,calcEngineLoadChange,USER_DEFINED,USER_DEFINED
0x034f64,VDIControl,USER_DEFINED,USER_DEFINED
0x035004,VDIControl,DEFAULT,heuristic
0x03500a,vdiControl,USER_DEFINED,USER_DEFINED
0x035030,vfadControl?,DEFAULT,heuristic
0x035036,vfadControl,USER_DEFINED,USER_DEFINED
0x03505c,vfadControl?,USER_DEFINED,USER_DEFINED
0x035104,ImmoSomethingOrOther??,USER_DEFINED,USER_DEFINED
0x035148,thunk_FUN_00035184,DEFAULT,heuristic
0x03514e,thunk_FUN_0003518c,DEFAULT,heuristic
0x035194,immoRelatedMaybe??,USER_DEFINED,USER_DEFINED
0x035202,ImmoMain,USER_DEFINED,USER_DEFINED
0x03537c,ImmoIdleFcn,USER_DEFINED,USER_DEFINED
0x035432,ImmoWaitForKey,USER_DEFINED,USER_DEFINED
0x035588,ImmoKeyRXd,USER_DEFINED,USER_DEFINED
0x035662,ImmoCalculateSeedResult,USER_DEFINED,USER_DEFINED
0x035782,ImmoStateGoodFunc,USER_DEFINED,USER_DEFINED
0x0358ce,ImmoStateInvalidKey,USER_DEFINED,USER_DEFINED
0x035978,ImmoStateReadyToDriveEngineOff,USER_DEFINED,USER_DEFINED
0x0359e4,ImmoGoodStateSet?,USER_DEFINED,USER_DEFINED
0x035a58,ImmoBadStateSet?,USER_DEFINED,USER_DEFINED
0x035a76,immo_related??,USER_DEFINED,USER_DEFINED
0x035aee,ImmoGetSeed,USER_DEFINED,USER_DEFINED
0x035bfc,calculateImmoSeed,USER_DEFINED,USER_DEFINED
0x035d10,ImmoGetCANData,USER_DEFINED,USER_DEFINED
0x035e58,setImmoCANTXData,USER_DEFINED,USER_DEFINED
0x035f9c,Immo_Keygen_related_ADC,USER_DEFINED,USER_DEFINED
0x036076,loadDatafromE2intoRAM?,USER_DEFINED,USER_DEFINED
0x0360bc,getDataFromE2RAM,USER_DEFINED,USER_DEFINED
0x0361ac,updateE2RAMBasedOnInput,USER_DEFINED,USER_DEFINED
0x036456,writeToE2RAMAreaTHUNK_INDEX_ADDR_LEN,USER_DEFINED,USER_DEFINED
0x0365c0,ImmoUpdateRelated,USER_DEFINED,USER_DEFINED
0x036684,checkImmoStatus?,USER_DEFINED,USER_DEFINED
0x037028,afterImmoMain,USER_DEFINED,USER_DEFINED
0x0371ec,afterImmo_1,USER_DEFINED,USER_DEFINED
0x03735c,afterImmo_2,USER_DEFINED,USER_DEFINED
0x0373fe,ModeB1UDSFunc,USER_DEFINED,USER_DEFINED
0x0374ce,afterImmo_6,USER_DEFINED,USER_DEFINED
0x0375f4,afterImmo_3,USER_DEFINED,USER_DEFINED
0x03775c,afterImmo_4,USER_DEFINED,USER_DEFINED
0x037854,afterImmo_5,USER_DEFINED,USER_DEFINED
0x0379ac,afterImmo_7,USER_DEFINED,USER_DEFINED
0x037bde,afterImmo_8,USER_DEFINED,USER_DEFINED
0x037c88,setImmoFault?,USER_DEFINED,USER_DEFINED
0x0383f8,E2IntoRAM?,USER_DEFINED,USER_DEFINED
0x0385c4,writeToE2RAMArea_INDEX_ADDR_LEN,USER_DEFINED,USER_DEFINED
0x038610,getFromE2_E2ADDR_RAMADDR_LEN,USER_DEFINED,USER_DEFINED
0x03879c,thunk_FUN_000386fa,DEFAULT,heuristic
0x0387e8,can41TXPack,USER_DEFINED,USER_DEFINED
0x038838,thunk_FUN_000388b4,DEFAULT,heuristic
0x03883c,CAN47RX_Main,USER_DEFINED,USER_DEFINED
0x038870,can47RXunpack,USER_DEFINED,USER_DEFINED
0x038e70,FUNC_valueInits_MAYBE?,USER_DEFINED,USER_DEFINED
0x039040,fuelingInits,USER_DEFINED,USER_DEFINED
0x03905a,dealsWithFuelCutSetting,USER_DEFINED,USER_DEFINED
0x039210,setupFuelingVariables,USER_DEFINED,USER_DEFINED
0x039258,filterECMVoltage_func,USER_DEFINED,USER_DEFINED
0x039270,evapRelated,USER_DEFINED,USER_DEFINED
0x039342,readFaultStatus,USER_DEFINED,USER_DEFINED
0x0393de,calculateKnockSensorStatus,USER_DEFINED,USER_DEFINED
0x0394fc,faultDetermination?,USER_DEFINED,USER_DEFINED
0x039938,faultRelated??,USER_DEFINED,USER_DEFINED
0x039f00,faultStuff2,USER_DEFINED,USER_DEFINED
0x03a384,MPUCall?,USER_DEFINED,USER_DEFINED
0x03a8f2,setupLambdaForCatTempModel,USER_DEFINED,USER_DEFINED
0x03bc1c,setFuelingRequestPointer,USER_DEFINED,USER_DEFINED
0x03bd3a,fuelLevelRelated,USER_DEFINED,USER_DEFINED
0x03bff8,fuelLevelSensorFaultEval,USER_DEFINED,USER_DEFINED
0x03c992,adcVoltageOutOfRangeCheck?,USER_DEFINED,USER_DEFINED
0x03ce22,checkTimers,USER_DEFINED,USER_DEFINED
0x03e0ac,floatDivideDiv0errCheck_SIG_DIVISOR,USER_DEFINED,USER_DEFINED
0x03e0dc,readValue_8bit_ADDRESS_VAL,USER_DEFINED,USER_DEFINED
0x03e11c,readValue_16bit_ADDRESS_VAL,USER_DEFINED,USER_DEFINED
0x03e15c,readValue_32bit_ADDRESS_VAL,USER_DEFINED,USER_DEFINED
0x03e1aa,readValue_float_DEFAULTVAL_ADDRESS,USER_DEFINED,USER_DEFINED
0x03e1f8,updateMemoryAtAddress_8bit_ADDR_VAL,USER_DEFINED,USER_DEFINED
0x03e208,updateMemoryAtAddress_16bit_ADDR_VAL,USER_DEFINED,USER_DEFINED
0x03e218,updateMemoryAtAddress_32bit_ADDR_VAL,USER_DEFINED,USER_DEFINED
0x03e258,updateMemoryAtAddress_float_VAL_ADDR,USER_DEFINED,USER_DEFINED
0x03e29e,validateAddressCopy_8bit_ADDRESS??,USER_DEFINED,USER_DEFINED
0x03e2da,validateAddressCopy_16bit_ADDRESS??,USER_DEFINED,USER_DEFINED
0x03e330,validateAddressCopy_32bit_ADDRESS??,USER_DEFINED,USER_DEFINED
0x03e38a,validateAddressCopy_float_ADDRESS??,USER_DEFINED,USER_DEFINED
0x03e3f0,setMemInsideFUNCto1,USER_DEFINED,USER_DEFINED
0x03e5a8,SetMemoryNotValid2??,USER_DEFINED,USER_DEFINED
0x03e93a,catTempRelated?,USER_DEFINED,USER_DEFINED
0x03eaba,coolantTempModelBooleans,USER_DEFINED,USER_DEFINED
0x03eafc,calcEstimatedCatTemp,USER_DEFINED,USER_DEFINED
0x03ed02,getCatTempConditional,USER_DEFINED,USER_DEFINED
0x03ed2a,getCatTempConditional2,USER_DEFINED,USER_DEFINED
0x03ed52,catTempShit,USER_DEFINED,USER_DEFINED
0x03ee12,getCatTempInRange,USER_DEFINED,USER_DEFINED
0x03f0d6,catTempRelated,USER_DEFINED,USER_DEFINED
0x03f108,thunk_FUN_0003e89c,DEFAULT,heuristic
0x03f158,pcmBoardTempADCtoVolts,USER_DEFINED,USER_DEFINED
0x03fe44,initLambdaValues,USER_DEFINED,USER_DEFINED
0x0410aa,o2HeaterFaultCheck,USER_DEFINED,USER_DEFINED
0x041198,conditionalFuelingFaultSomething,USER_DEFINED,USER_DEFINED
0x041a40,lambdaRelated,USER_DEFINED,USER_DEFINED
0x042050,rearO2HeaterCircuitFaultCheck,USER_DEFINED,USER_DEFINED
0x04219c,updateRearO2HeaterCircuitFaultStatus,USER_DEFINED,USER_DEFINED
0x042230,calculateThrottlePercentDuringLift,USER_DEFINED,USER_DEFINED
0x042296,calculateDriverConditions,USER_DEFINED,USER_DEFINED
0x042330,liftoffRelated??,USER_DEFINED,USER_DEFINED
0x04244c,throttleLiftCountersandConditions,USER_DEFINED,USER_DEFINED
0x0424ac,vehicleSpeedRelatedSOmething,USER_DEFINED,USER_DEFINED
0x0425a2,getTransientLoadFuelCutThresholds,USER_DEFINED,USER_DEFINED
0x0426c2,setLoadandRPM,USER_DEFINED,USER_DEFINED
0x04272a,engineLoad2ndOrderLowPass,USER_DEFINED,USER_DEFINED
0x042934,calculatedEngineAccelerationFiltered,USER_DEFINED,USER_DEFINED
0x0429bc,getEngineSpeedRateOfChange,USER_DEFINED,USER_DEFINED
0x0429ee,filterEngineSpeedRateOfChange,USER_DEFINED,USER_DEFINED
0x042b7c,relatedToFuelCut?,USER_DEFINED,USER_DEFINED
0x042bf6,throttleLiftFuelCutSomething,USER_DEFINED,USER_DEFINED
0x042ce0,fuelCutRelatedConditonals,USER_DEFINED,USER_DEFINED
0x042f2c,getThrottleLessThanLookupTimer,USER_DEFINED,USER_DEFINED
0x042f56,liftConditionSRLatch,USER_DEFINED,USER_DEFINED
0x04305e,can216DataPlausibilityCheck,USER_DEFINED,USER_DEFINED
0x0430a4,getCoolantTempBool,USER_DEFINED,USER_DEFINED
0x04315c,throttleLiftInitStuff,USER_DEFINED,USER_DEFINED
0x043168,calculateCrankingTimingLeading,USER_DEFINED,USER_DEFINED
0x0431e6,calculateCrankingTimingTrailing,USER_DEFINED,USER_DEFINED
0x0432b0,apvVoltageRange,USER_DEFINED,USER_DEFINED
0x0432ba,getAPVPosVoltage,USER_DEFINED,USER_DEFINED
0x0432d2,getApvVoltageRange,USER_DEFINED,USER_DEFINED
0x043344,initLoadRPMDeltas,USER_DEFINED,USER_DEFINED
0x0433e4,setDeltasandPrevLoops,USER_DEFINED,USER_DEFINED
0x04343c,fuelingLoadBasedFaultConditions?,USER_DEFINED,USER_DEFINED
0x0444c4,obdFaultRelated?,USER_DEFINED,USER_DEFINED
0x0445f8,setPedalSensorCircuitInputHighFault,USER_DEFINED,USER_DEFINED
0x045268,setThrottleBodyCorrelationMismatchFault1,USER_DEFINED,USER_DEFINED
0x0452a8,setThrottleBodyCorrelationMismatchFault2,USER_DEFINED,USER_DEFINED
0x04541e,setSSVHighFault,USER_DEFINED,USER_DEFINED
0x045490,ssvFaultEval?,USER_DEFINED,USER_DEFINED
0x045e26,setThrottleActuatorControlFault,USER_DEFINED,USER_DEFINED
0x045fc4,setECUProgrammingFault,USER_DEFINED,USER_DEFINED
0x04603a,setThrottleActuatorStuckClosedFault,USER_DEFINED,USER_DEFINED
0x04607a,setThrottleActuatorStuckClosedFault2,USER_DEFINED,USER_DEFINED
0x04615c,calculateFuelCutLoadBased?,USER_DEFINED,USER_DEFINED
0x046406,fuelCutSomethingSomething,USER_DEFINED,USER_DEFINED
0x046492,updateFuelCutPerRotorCalType,USER_DEFINED,USER_DEFINED
0x046518,resetFuelCutReq,USER_DEFINED,USER_DEFINED
0x04653e,setPerRotorLevel1FuelCut,USER_DEFINED,USER_DEFINED
0x0468a4,setThrottleStatus,USER_DEFINED,USER_DEFINED
0x046d64,getThrottleStatusBooleans,USER_DEFINED,USER_DEFINED
0x04772c,updateMemPtr??,USER_DEFINED,USER_DEFINED
0x048184,thunk_FUN_0004819e,DEFAULT,heuristic
0x04819a,calcSpeedBasedIATCompensation??,DEFAULT,heuristic
0x048264,calcSpeedBasedIATCompensation??,USER_DEFINED,USER_DEFINED
0x0483c0,getSpeedLimitCal?,USER_DEFINED,USER_DEFINED
0x048b5e,sourceOf10kReset?,USER_DEFINED,USER_DEFINED
0x048f68,getknockSensorFaultStatus,USER_DEFINED,USER_DEFINED
0x049040,updateKnockSensorFaultMemory,USER_DEFINED,USER_DEFINED
0x0498d8,initRisingEdgeInit,USER_DEFINED,USER_DEFINED
0x0498e0,fuelCutVariableInit,USER_DEFINED,USER_DEFINED
0x049920,fuelCutRelated_Something?,USER_DEFINED,USER_DEFINED
0x04997c,fuelCutTimerAfterReset,USER_DEFINED,USER_DEFINED
0x049a8e,resetFuelCutCondition7,USER_DEFINED,USER_DEFINED
0x049cb6,initFuelCutStuff,USER_DEFINED,USER_DEFINED
0x049cec,initFuelCutStuff2,USER_DEFINED,USER_DEFINED
0x049d48,setFuelCutRelatedFault,USER_DEFINED,USER_DEFINED
0x049ed0,initStuff,USER_DEFINED,USER_DEFINED
0x049ee2,arbitratePlausibilityResumeEnrich,USER_DEFINED,USER_DEFINED
0x04a01c,getFuelCutPrevLoopVars,USER_DEFINED,USER_DEFINED
0x04a0d8,offThrottleFuelCutFuelResumeEnrichment,USER_DEFINED,USER_DEFINED
0x04a27c,unknownEnrichmentInit,USER_DEFINED,USER_DEFINED
0x04a284,enrichmentUnknownConditionCheck,USER_DEFINED,USER_DEFINED
0x04a6ec,vehicleDistanceCalc?,USER_DEFINED,USER_DEFINED
0x04a820,vehicleSPeed_E2_something,USER_DEFINED,USER_DEFINED
0x04ae38,calcDiagFuelInjectorTrim,USER_DEFINED,USER_DEFINED
0x04aefc,setRX4B1Timer,DEFAULT,heuristic
0x04af00,CAN4B1RX_Main,USER_DEFINED,USER_DEFINED
0x04af26,can4B1RXUnpack,USER_DEFINED,USER_DEFINED
0x04af5a,setRX4B1Timer,USER_DEFINED,USER_DEFINED
0x04af64,canRX4B1Timer,USER_DEFINED,USER_DEFINED
0x04afce,can240TX_getAndPack,USER_DEFINED,USER_DEFINED
0x04affc,can240TX_pack,USER_DEFINED,USER_DEFINED
0x04b036,getOBDCANTXVars1,USER_DEFINED,USER_DEFINED
0x04b0ca,can250TX_getAndPack,USER_DEFINED,USER_DEFINED
0x04b0f0,resetCAN250Timer,USER_DEFINED,USER_DEFINED
0x04b0f8,can250TX_pack,USER_DEFINED,USER_DEFINED
0x04b134,getOBDCANTXVars2,USER_DEFINED,USER_DEFINED
0x04b20e,counterReset,USER_DEFINED,USER_DEFINED
0x04b3a6,updatedSUBSYSTEMFaults,USER_DEFINED,USER_DEFINED
0x04b568,updateCounters,USER_DEFINED,USER_DEFINED
0x04b77e,apvFaultRealted?,USER_DEFINED,USER_DEFINED
0x04b89c,calculateIgnitionDwellAdder,USER_DEFINED,USER_DEFINED
0x04cab0,counterBooleanLookup,USER_DEFINED,USER_DEFINED
0x04cbca,driveCycleDetermination??,USER_DEFINED,USER_DEFINED
0x04d004,interestingFunc1,USER_DEFINED,USER_DEFINED
0x04d0d0,filterEvapSomething?,USER_DEFINED,USER_DEFINED
0x04d3da,filterECMVotlage,USER_DEFINED,USER_DEFINED
0x04d44c,getBatteryVoltage,USER_DEFINED,USER_DEFINED
0x04d53c,initLTFTStuff?,USER_DEFINED,USER_DEFINED
0x04dab8,fuelLevelSomething,USER_DEFINED,USER_DEFINED
0x05131e,IATTimerOperation??,USER_DEFINED,USER_DEFINED
0x0524c0,getTireSizeChecksumthing?,USER_DEFINED,USER_DEFINED
0x05266c,updateSUBSYSTEMSomethingFault,USER_DEFINED,USER_DEFINED
0x052698,setAlternatorFault,USER_DEFINED,USER_DEFINED
0x0528c4,set_CAN_fault???,USER_DEFINED,USER_DEFINED
0x0528da,updateCANFaults,USER_DEFINED,USER_DEFINED
0x0529ae,updateRAM??,USER_DEFINED,USER_DEFINED
0x052a12,udsResponseRelated??,USER_DEFINED,USER_DEFINED
0x052a5a,udsErrorResponse,USER_DEFINED,USER_DEFINED
0x052e10,OBDHandlerMAYBE??,DEFAULT,heuristic
0x052e7c,OBDHandlerMAYBE??,USER_DEFINED,USER_DEFINED
0x052ebe,caseD_0,USER_DEFINED,USER_DEFINED
0x052f28,caseD_1,USER_DEFINED,USER_DEFINED
0x0534b2,getOLStatusforOBD???,USER_DEFINED,USER_DEFINED
0x05352c,OBDStub,USER_DEFINED,USER_DEFINED
0x053530,getEngineLoadforOBD???,USER_DEFINED,USER_DEFINED
0x053590,getCoolantTempforOBD??,USER_DEFINED,USER_DEFINED
0x0535a6,getSTFTforOBD??,USER_DEFINED,USER_DEFINED
0x0535cc,getLTFTforOBD???,USER_DEFINED,USER_DEFINED
0x0535ea,getRPMforOBD??,USER_DEFINED,USER_DEFINED
0x053600,getVehicleSpeedForOBD??,USER_DEFINED,USER_DEFINED
0x053614,getIgnLeadingOBD,USER_DEFINED,USER_DEFINED
0x053678,getIATOBD,USER_DEFINED,USER_DEFINED
0x05368e,getMAFOBD??,USER_DEFINED,USER_DEFINED
0x0536b6,getThrottlePlatePosForOBD??,USER_DEFINED,USER_DEFINED
0x0536e2,getSecondaryAirPumpRequestForMode22,USER_DEFINED,USER_DEFINED
0x0536fe,convertRearO2VoltageForMode22,USER_DEFINED,USER_DEFINED
0x053724,getRearO2FuelTrimForOBD,USER_DEFINED,USER_DEFINED
0x0537e8,getEvapPurgeMode22,USER_DEFINED,USER_DEFINED
0x053826,getDistanceSinceMILClearedForMode22,USER_DEFINED,USER_DEFINED
0x053844,getBaroForOBD,USER_DEFINED,USER_DEFINED
0x053862,getBaroCompensatedLambda_fp,USER_DEFINED,USER_DEFINED
0x053878,getFrontO2Voltage_fp,USER_DEFINED,USER_DEFINED
0x053890,getCatTempOBD,USER_DEFINED,USER_DEFINED
0x053a24,getECMVoltageOBD,USER_DEFINED,USER_DEFINED
0x053a3a,getMode22EngineLoad,USER_DEFINED,USER_DEFINED
0x053a62,getCommandedLamdaOBD??,USER_DEFINED,USER_DEFINED
0x053a78,getMode22ThrottlePos,USER_DEFINED,USER_DEFINED
0x053a9e,getMode22IAT,USER_DEFINED,USER_DEFINED
0x053bc8,ClearFaults?,USER_DEFINED,USER_DEFINED
0x053d98,OBDModeFunc_Unsure,USER_DEFINED,USER_DEFINED
0x053e34,getCalID,USER_DEFINED,USER_DEFINED
0x053fa4,calculateDiagSessionConditional,USER_DEFINED,USER_DEFINED
0x053fcc,runSubfunction??,USER_DEFINED,USER_DEFINED
0x05405e,calculateDiagModeTimer,USER_DEFINED,USER_DEFINED
0x0540fe,getDiagSessionSubFunction,USER_DEFINED,USER_DEFINED
0x054146,checkSubFunctionCurrentlyRunning??,USER_DEFINED,USER_DEFINED
0x0541c6,readDiagMod??,USER_DEFINED,USER_DEFINED
0x0541f0,securityNotUnlocked,USER_DEFINED,USER_DEFINED
0x0543ba,SeedKeyRelated,USER_DEFINED,USER_DEFINED
0x0545ba,checkDeviceControlConditional,USER_DEFINED,USER_DEFINED
0x05463c,getSubFunctionMapping,USER_DEFINED,USER_DEFINED
0x0547f0,udsReset?,USER_DEFINED,USER_DEFINED
0x054900,thunk_FUN_00054aa2,DEFAULT,heuristic
0x054904,UDSServiceB1Function,USER_DEFINED,USER_DEFINED
0x054a66,runImmoRelatedCounter,USER_DEFINED,USER_DEFINED
0x054b04,UDSService22Function,USER_DEFINED,USER_DEFINED
0x054b72,mode22Hanlder,USER_DEFINED,USER_DEFINED
0x054bd2,UDSServiceSomething,USER_DEFINED,USER_DEFINED
0x054c12,getMonitorStatusMode22,USER_DEFINED,USER_DEFINED
0x054ce6,Mode22GetRPM,USER_DEFINED,USER_DEFINED
0x054d96,getRearO2FuelTrimMode22,USER_DEFINED,USER_DEFINED
0x055084,getIgnitionTrailingMode22,USER_DEFINED,USER_DEFINED
0x0551f2,getDesiredIdleRPMMode22,USER_DEFINED,USER_DEFINED
0x0552b6,getThrottlePlatePositionVoltageMode22,USER_DEFINED,USER_DEFINED
0x0552f8,getMAFVoltageMode22,USER_DEFINED,USER_DEFINED
0x055334,getInjectorOnTimeMode22,USER_DEFINED,USER_DEFINED
0x0553d6,Mode22PIDAlternatorDC,USER_DEFINED,USER_DEFINED
0x055412,getTireSizeMode22,USER_DEFINED,USER_DEFINED
0x05543e,getKnockRetardMode22,USER_DEFINED,USER_DEFINED
0x0554c4,getApvPosVoltage,USER_DEFINED,USER_DEFINED
0x0556e4,getApvPosMode22,USER_DEFINED,USER_DEFINED
0x055a30,getChunksOfDataSomehow?,USER_DEFINED,USER_DEFINED
0x055bc6,thunk_FUN_00037a78,DEFAULT,heuristic
0x055c14,getMode22PID,USER_DEFINED,USER_DEFINED
0x055d24,UDSPositiveResponse_16bit,USER_DEFINED,USER_DEFINED
0x055e68,readMemorySomething,USER_DEFINED,USER_DEFINED
0x055ecc,intToUDS_SERVICE_DATA,USER_DEFINED,USER_DEFINED
0x055eee,byteToUDS_SERVICE_DATA,USER_DEFINED,USER_DEFINED
0x055f34,UDSService27Function,USER_DEFINED,USER_DEFINED
0x05615c,UDSMode10Func,USER_DEFINED,USER_DEFINED
0x0561fc,udsResponseSOmething,USER_DEFINED,USER_DEFINED
0x056220,parseSubFunction,USER_DEFINED,USER_DEFINED
0x05667c,checkIfDeviceControlFaultCheck_OR_enable3isTrue,USER_DEFINED,USER_DEFINED
0x057996,udsCheckMode31Conditions,USER_DEFINED,USER_DEFINED
0x058060,calcBatteryRelatedFaults??,USER_DEFINED,USER_DEFINED
0x0582ac,idleEnumRealted???,USER_DEFINED,USER_DEFINED
0x05876e,getVehicleSpeedThreshold,USER_DEFINED,USER_DEFINED
0x0588e8,faultSomething0x1,USER_DEFINED,USER_DEFINED
0x058aac,getFuelLevelValidity,USER_DEFINED,USER_DEFINED
0x058e50,someOBDFunctionCaller,USER_DEFINED,USER_DEFINED
0x059744,UDSService11Function?,USER_DEFINED,USER_DEFINED
0x059808,delay?,USER_DEFINED,USER_DEFINED
0x05991e,dtcCodeTypeInit,USER_DEFINED,USER_DEFINED
0x059ae2,writeDTCCodeType,USER_DEFINED,USER_DEFINED
0x059c04,UDSService21Function,USER_DEFINED,USER_DEFINED
0x059dc4,grablast28ByteFromE2,USER_DEFINED,USER_DEFINED
0x059f40,UDSMode23Function,USER_DEFINED,USER_DEFINED
0x059fdc,getMemoryFromRAMForUDS23,USER_DEFINED,USER_DEFINED
0x05a0ae,checkIfAddressInRange,USER_DEFINED,USER_DEFINED
0x05a1e6,UDSMode28Func,USER_DEFINED,USER_DEFINED
0x05a43c,udsService2FFunc,USER_DEFINED,USER_DEFINED
0x05a78c,diagControlModeSomething,USER_DEFINED,USER_DEFINED
0x05a814,diagnosticModeFuelPulseWidthModify,USER_DEFINED,USER_DEFINED
0x05aad4,obdFuelingAddRequst?,USER_DEFINED,USER_DEFINED
0x05abb0,diagControlVDI,USER_DEFINED,USER_DEFINED
0x05ac8c,diagRearO2Something?,USER_DEFINED,USER_DEFINED
0x05ad5c,setACClutchOnOBD,USER_DEFINED,USER_DEFINED
0x05aff0,diagAlternatorSignalthing,USER_DEFINED,USER_DEFINED
0x05b100,diagMeteringPumpPositionControl,USER_DEFINED,USER_DEFINED
0x05b19c,ssvDiagControl?,USER_DEFINED,USER_DEFINED
0x05b284,idleDiagnosticStuff,USER_DEFINED,USER_DEFINED
0x05b394,alternatorPIDsomething,USER_DEFINED,USER_DEFINED
0x05b5b4,diagControlVFADMAYBE,USER_DEFINED,USER_DEFINED
0x05b76c,diagCheckSecondaryAirRequest,USER_DEFINED,USER_DEFINED
0x05b848,diagControlMode??,USER_DEFINED,USER_DEFINED
0x05bfac,UDSMode34Func,USER_DEFINED,USER_DEFINED
0x05c024,UDSMode36Function?,USER_DEFINED,USER_DEFINED
0x05c064,UDSService37Function,USER_DEFINED,USER_DEFINED
0x05c434,UDSMode85Func,USER_DEFINED,USER_DEFINED
0x05c5a4,setDiagMode85Bool?,USER_DEFINED,USER_DEFINED
0x05c5d8,setDiagMode85Bool2,USER_DEFINED,USER_DEFINED
0x05c664,getTireSize,USER_DEFINED,USER_DEFINED
0x05c750,udsMode31Func,USER_DEFINED,USER_DEFINED
0x05c8be,UDSMode33Func,USER_DEFINED,USER_DEFINED
0x05cb5a,resetCuriousDataMetrics,USER_DEFINED,USER_DEFINED
0x05cbba,setPeakVehicleSpeed,USER_DEFINED,USER_DEFINED
0x05cd2c,getBrakingOrInNeutral,USER_DEFINED,USER_DEFINED
0x05e25c,returnFaultCode,USER_DEFINED,USER_DEFINED
0x05e270,lookupCodeTypeAll,USER_DEFINED,USER_DEFINED
0x05e296,lookupCodeTypeMisfire,USER_DEFINED,USER_DEFINED
0x05e2bc,getFaultEnableStatus3,USER_DEFINED,USER_DEFINED
0x05e2ce,faultDeviceControlAllowedCheck?,USER_DEFINED,USER_DEFINED
0x05e380,faultSomething0x2,USER_DEFINED,USER_DEFINED
0x05e3be,faultSomething0x0,USER_DEFINED,USER_DEFINED
0x05e474,getFaultRelatedConfigInfo,USER_DEFINED,USER_DEFINED
0x05e4de,returns1,USER_DEFINED,USER_DEFINED
0x05e524,checkIfDeviceControl?,USER_DEFINED,USER_DEFINED
0x05e54c,getIdleTargetA?,USER_DEFINED,USER_DEFINED
0x05e57e,returnEngineRPM,USER_DEFINED,USER_DEFINED
0x05e584,returnCoolantTemp,USER_DEFINED,USER_DEFINED
0x05e58a,returnCoolantTemp2,USER_DEFINED,USER_DEFINED
0x05e5c8,getCoolantTempConditional,USER_DEFINED,USER_DEFINED
0x05e5f0,returnCoolantTempGreaterThan71,USER_DEFINED,USER_DEFINED
0x05e5fe,returnEngineLoad,USER_DEFINED,USER_DEFINED
0x05e604,returnEngineSpeed,USER_DEFINED,USER_DEFINED
0x05e644,updateFaultStatusTHUNK,USER_DEFINED,USER_DEFINED
0x05e648,updateFaultStatusTHUNKNoR6?,USER_DEFINED,USER_DEFINED
0x05e69e,thunk_FUN_0005eaa2,DEFAULT,heuristic
0x05e72c,updateFaultStatus,USER_DEFINED,USER_DEFINED
0x05e84c,checkAndSetFault?,USER_DEFINED,USER_DEFINED
0x05e918,returnCurrentFaultStatus,USER_DEFINED,USER_DEFINED
0x05e93c,goesThroughFaultArrays?,USER_DEFINED,USER_DEFINED
0x05e954,getFaultRelatedInfo??,USER_DEFINED,USER_DEFINED
0x05ea80,callsFaultRelatedFunction,USER_DEFINED,USER_DEFINED
0x05ec68,setFaultEvalState?,USER_DEFINED,USER_DEFINED
0x05ee7e,nothingFunc2,USER_DEFINED,USER_DEFINED
0x05f982,faultRelatedOSFunctionCall,USER_DEFINED,USER_DEFINED
0x05fd40,faultSomethingIdunno,USER_DEFINED,USER_DEFINED
0x05feb6,dtcRelated,USER_DEFINED,USER_DEFINED
0x060418,functionCallIf_DTC_enable3_mask4_is0,USER_DEFINED,USER_DEFINED
0x06047c,calledBasedOnDTCEnable3Table,USER_DEFINED,USER_DEFINED
0x0628f4,thunk_FUN_0005f56a,DEFAULT,heuristic
0x062e1c,nothingFunc,USER_DEFINED,USER_DEFINED
0x063202,thunk_FUN_0005f56a,DEFAULT,heuristic
0x063f20,setBooleanBasedOnEngineSpeed,USER_DEFINED,USER_DEFINED
0x063f48,coolantTempPlausibilityCheck???,USER_DEFINED,USER_DEFINED
0x063f80,driveCycleDetectMAYBE?,USER_DEFINED,USER_DEFINED
0x06410c,UDSMode1Function,USER_DEFINED,USER_DEFINED
0x064bb0,OBDMode9Fuction,USER_DEFINED,USER_DEFINED
0x064db4,in_range_0_6_check?,USER_DEFINED,USER_DEFINED
0x06518a,UDSModeFF,USER_DEFINED,USER_DEFINED
0x0652f0,getFaultStatus??,USER_DEFINED,USER_DEFINED
0x065336,getFaultEvalState,USER_DEFINED,USER_DEFINED
0x06670c,pack_for_OBD_response?,USER_DEFINED,USER_DEFINED
0x066a14,setupForUdsResponse?,USER_DEFINED,USER_DEFINED
0x066a74,udsServiceResponse,USER_DEFINED,USER_DEFINED
0x066aaa,unknownMode22Func,USER_DEFINED,USER_DEFINED
0x067588,udsRAMInit,USER_DEFINED,USER_DEFINED
0x067590,udsSomething?,USER_DEFINED,USER_DEFINED
0x067654,thunk_FUN_00052aec,DEFAULT,heuristic
0x06765a,thunk_FUN_00052c18,DEFAULT,heuristic
0x067660,thunk_FUN_00052b22,DEFAULT,heuristic
0x067666,thunk_FUN_00052b8c,DEFAULT,heuristic
0x06766c,thunk_FUN_00052c4e,DEFAULT,heuristic
0x067672,thunk_FUN_00052c84,DEFAULT,heuristic
0x06769c,udsHandler,USER_DEFINED,USER_DEFINED
0x06772e,udsResponseRelated2,USER_DEFINED,USER_DEFINED
0xffffff,ISR_3A0,USER_DEFINED,USER_DEFINED
