addr,name,source
0x00031C,watchdogTimerRead,ghidra-hand
0x0004E0,main_init,ghidra-hand
0x000572,wdt_init,ghidra-hand
0x0005B0,checkWatchdogTimer_OVRCOUNT,ghidra-hand
0x0008B4,Illegal_instr,ghidra-hand
0x0008B8,Manual_Reset,ghidra-hand
0x0009FC,INT_ATU102_IMI10AG,ghidra-hand
0x001038,reset_ZERO,ghidra-hand
0x00109C,resetOBDCAN?,ghidra-hand
0x0011C4,writeImmoBitZero?,ghidra-hand
0x0011CC,checkWatchdogForOverflowandReset,ghidra-hand
0x001298,callManualReset?,ghidra-hand
0x001364,resetWatchdog?,ghidra-hand
0x001414,seemsImportant,ghidra-hand
0x0016DC,handleException?,ghidra-hand
0x002044,invertAndReturn_8bit_ADDR,ghidra-hand
0x002054,setSR_PARAM,ghidra-hand
0x002064,loadStatusRegister_ADDR,ghidra-hand
0x002068,2DLookup,ghidra-hand
0x0020AC,2DLookup_FP_8bit,ghidra-hand
0x0020C4,2DLookup_FP_16bit,ghidra-hand
0x0020DC,3dLookup,ghidra-hand
0x002120,3DLookup_FP_8bit,ghidra-hand
0x00213C,3DLookup_FP_16bit,ghidra-hand
0x002158,LongFunc,ghidra-hand
0x00231C,mul32_saturated,ghidra-hand
0x0023B0,firstOrderFilter,ghidra-hand
0x0023DC,subtractAbsolute,ghidra-hand
0x0023E4,saturateLow_SIGNAL_LOWERBOUND,ghidra-hand
0x0023F4,minValue,ghidra-hand
0x002404,saturate_SIGNAL_LOWER_UPPER,ghidra-hand
0x002420,complement_shift_u8,ghidra-hand
0x002440,isNotZero_wDivideByZero_Protect,ghidra-hand
0x002460,add16bitSaturate_ADD1_ADD2,ghidra-hand
0x002478,addSaturate8Bit,ghidra-hand
0x002490,floatToFP_16bit_NUMBER_SCALAR_OFFSET,ghidra-hand
0x0024C0,fixedPointToFloat_16bit_MULT_OFF_SIG,ghidra-hand
0x0024D0,floatToInt_SIGNAL_MULT_OFFSET,ghidra-hand
0x002500,fixedPointToFloat_8bit_MULT_OFF_SIG,ghidra-hand
0x002510,interp_bilinear_weight_calc,ghidra-hand
0x00253C,interpolate_floatTable,ghidra-hand
0x00256C,lookup_char,ghidra-hand
0x002598,lookup_short,ghidra-hand
0x0025C8,interpolate_8bitTable,ghidra-hand
0x0025F4,interpolate_3d_uint16,ghidra-hand
0x002624,dataLookup,ghidra-hand
0x002658,indexLookupSomething,ghidra-hand
0x002678,interpolate_floatTable,ghidra-hand
0x002690,interpolate_shortTable,ghidra-hand
0x0026B0,interpolate_uint8Table,ghidra-hand
0x0026D0,interpolate_uint16Table,ghidra-hand
0x0026F4,interpolate_charTable,ghidra-hand
0x003920,getSR,ghidra-hand
0x003934,setSR,ghidra-hand
0x003A28,consistencyCheck,ghidra-hand
0x003C80,task_priority_scheduler,ghidra-hand
0x003D58,task_completion_handler,ghidra-hand
0x004144,mod32_signed,ghidra-hand
0x0046CC,checkFloatValidity?,ghidra-hand
0x004BBC,setRegister_REG_BIT_VAL,ghidra-hand
0x004C7A,stack_frame_set_sp,ghidra-hand
0x004D2E,setRegisters,ghidra-hand
0x004E0A,noOpFunc,ghidra-hand
0x004E12,noOpFunc2,ghidra-hand
0x005020,noOpFun3,ghidra-hand
0x005024,writeWatchdog_disable?,ghidra-hand
0x005032,writeWatchdog_disable?,ghidra-hand
0x00503A,noOpFunc4,ghidra-hand
0x005056,noOpFunc5,ghidra-hand
0x00505E,noOpFunc6,ghidra-hand
0x0050A6,noOpFunc7,ghidra-hand
0x00527E,callsFlash??,ghidra-hand
0x00528E,intc_clear_flag_trampoline,ghidra-hand
0x005F18,noOp,ghidra-hand
0x0060C8,getSensorStuff??,ghidra-hand
0x0061A8,mainInit??,ghidra-hand
0x0063F0,interruptSetup???,ghidra-hand
0x0065F6,task1?,ghidra-hand
0x00661E,task2?,ghidra-hand
0x006744,getVehicleStatusInputs?,ghidra-hand
0x006884,sensorADCRead,ghidra-hand
0x006CDC,readADCs_coolantTempInHere??,ghidra-hand
0x006FB0,readADCResult,ghidra-hand
0x0070AC,atu_fpu_control_wrapper,ghidra-hand
0x007290,getIATSensorValue,ghidra-hand
0x007298,readIATSensor,ghidra-hand
0x007330,getUNKNOWNSensorValue1,ghidra-hand
0x007338,readECMVoltage??,ghidra-hand
0x007398,getCoolantTempSensorValue,ghidra-hand
0x0073A0,readCoolantTempSensor,ghidra-hand
0x007438,getMAFSensorValue,ghidra-hand
0x0074AC,noOp,ghidra-hand
0x007518,fuelingInit??,ghidra-hand
0x007724,reInitCrankSensor??,ghidra-hand
0x007778,setInterruptTimer,ghidra-hand
0x007C0C,crankSensorInit?,ghidra-hand
0x007C68,geteShaftAngle?,ghidra-hand
0x007F90,engineSpeedInit,ghidra-hand
0x007FCC,getCrankAngle,ghidra-hand
0x00803E,INT_ATU101_IMI10AG,ghidra-hand
0x008340,injectorPulseSet?,ghidra-hand
0x0083CA,injectorRelatedFunc,ghidra-hand
0x0085E4,putFuelingStuffInArray?,ghidra-hand
0x0086AC,fuelinjectorSet0??,ghidra-hand
0x0086F8,setFuelInjectorLatency,ghidra-hand
0x008A68,injectorPulseSet?,ghidra-hand
0x008D86,initSparkOutput,ghidra-hand
0x008DAE,outputSpark1,ghidra-hand
0x008DE8,outputSpark2,ghidra-hand
0x008E28,ignitionTimingHardwareTimerSomething,ghidra-hand
0x008F2A,ignitionDwellOutputInit,ghidra-hand
0x009110,getIgnitionDwellTime,ghidra-hand
0x0091C6,ignitonSomethingCalc,ghidra-hand
0x009490,getIgnitionDwellTime,ghidra-hand
0x009630,osTaskScheduler,ghidra-hand
0x009744,CANControllerSetup,ghidra-hand
0x009890,placeCANRX,ghidra-hand
0x0099B0,txCAN_EventBased,ghidra-hand
0x009B08,getHCANSomething,ghidra-hand
0x009B92,doSomethingIfByteIs1InCANSetup,ghidra-hand
0x009D24,initializeCANRegisters,ghidra-hand
0x009EFE,whileLoop,ghidra-hand
0x009F0C,setMainInitDoneBool??,ghidra-hand
0x009F48,noOp,ghidra-hand
0x00A10E,putTaskInSchedule_FuelArrayStuff,ghidra-hand
0x00A13E,noOp_taskCall,ghidra-hand
0x00A230,setupStructRotorNumber?,ghidra-hand
0x00A266,getRotorNumberForControl?,ghidra-hand
0x00A2B6,calledLots,ghidra-hand
0x00A936,apvHardwareOutputRelated?,ghidra-hand
0x00AA90,setAPVDC?,ghidra-hand
0x00AB8A,misfireDetectInit?,ghidra-hand
0x00AD2A,throttlePedalADCRead?,ghidra-hand
0x00AEE8,throttlePedalADCRead?,ghidra-hand
0x00B99C,updateIO_MAYBE,ghidra-hand
0x00C0F0,store_knock_learn_buffer,ghidra-hand
0x00C116,enableDisableCruiseControl??,ghidra-hand
0x00C14C,knockFunctionInit,ghidra-hand
0x00C1F8,knockRelatedInit,ghidra-hand
0x00C290,knockSensorADCFault,ghidra-hand
0x00C338,functionDrivingTiming,ghidra-hand
0x00C3CE,getKnockSensorADC,ghidra-hand
0x00C486,knockRelatedFunction2,ghidra-hand
0x00C7BA,setupCoilOutputs,ghidra-hand
0x00C8DC,detectKnockOverTime,ghidra-hand
0x00CA7E,ignitionCoilPulse?,ghidra-hand
0x00CA9C,canControllerInitSomething??,ghidra-hand
0x00CAB4,checkHCANRegisterStuff,ghidra-hand
0x00CACC,setCANRegisters,ghidra-hand
0x00CB42,HCANRegisterInit??,ghidra-hand
0x00CB9C,set_MCR_bits2_3,ghidra-hand
0x00CBF8,set_MCR_bits5_7,ghidra-hand
0x00CC1E,set_MCR_bit7,ghidra-hand
0x00CEFE,getHCANRegisterAddress,ghidra-hand
0x00D13C,getBaroSensorValue,ghidra-hand
0x00D144,baro_sensor_value,ghidra-hand
0x00D1E0,getRearO2Voltage,ghidra-hand
0x00D20C,handleManualReset?,ghidra-hand
0x00D21E,main??,ghidra-hand
0x00D262,interestingCANSomething,ghidra-hand
0x00D72C,noOpFunction,ghidra-hand
0x00D9F4,canSetup,ghidra-hand
0x00DA94,resetCANTimers,ghidra-hand
0x00DAE8,canTimerInit??,ghidra-hand
0x00DAF0,handleCANReset,ghidra-hand
0x00DB58,CANTX_Main,ghidra-hand
0x00DBF6,CANRX_Main,ghidra-hand
0x00DCC0,checkCANsomethingKeyOnBased,ghidra-hand
0x00DDDC,CANSetupSomethingDifferentBasedOnBit,ghidra-hand
0x00DE72,EBCMCommEval,ghidra-hand
0x00DF08,can216RXFaultEval,ghidra-hand
0x00DFB4,getCAN47RXStatus,ghidra-hand
0x00E03C,setMessageRXBool,ghidra-hand
0x00E044,setCANRXBool,ghidra-hand
0x00E054,setMsgRXFlag_??,ghidra-hand
0x00E1B4,injectorsOffFlagInit,ghidra-hand
0x00E1DC,calculateEngineRunningTimer2,ghidra-hand
0x00E1FE,getEngineOnTimeForOilMetering,ghidra-hand
0x00E220,calculateEngineRunningTimer,ghidra-hand
0x00E244,calculateEngineOnTime??,ghidra-hand
0x00E278,calculateEngineRunning,ghidra-hand
0x00E2AC,setEngineRunningInjectorsOffFlag,ghidra-hand
0x00E2D8,arbitrateFuelCut,ghidra-hand
0x00E444,UnknownFueling1,ghidra-hand
0x00E458,UnknownFueling1,ghidra-hand
0x00E492,intake_temp_increase_step,ghidra-hand
0x00E564,speedBasedFuelCutSomething??,ghidra-hand
0x00E914,throttlePlateSomethingFuelCut,ghidra-hand
0x00EDC8,fuelCutArbitration_weirdBlock,ghidra-hand
0x00EE68,revLimitFuelCutInit,ghidra-hand
0x00EE86,getConditionalsForRevLimit??,ghidra-hand
0x00EEFE,calculateRevLimiterFuelCut,ghidra-hand
0x00F380,fuelingArrayInit?,ghidra-hand
0x00F964,somethingFuelCutRelated,ghidra-hand
0x00FB90,setFuelCutDriver?,ghidra-hand
0x00FEFF,INT_ATU101_CMI10A,ghidra-hand
0x00FF08,getFuelCutRequestStatus,ghidra-hand
0x00FF36,fuelInjectionRelated,ghidra-hand
0x00FFDA,fuelInjectionTiming?,ghidra-hand
0x01020C,setAllInjectorto0?,ghidra-hand
0x010386,calculatePerRotorIgnitionDwell,ghidra-hand
0x010D5C,fucPointerCAll,ghidra-hand
0x010D82,setEngineCycle?,ghidra-hand
0x010E14,coilOutputSomething?,ghidra-hand
0x010ED2,getEngineCrankingStatusEnum??,ghidra-hand
0x010EE6,getEngineCrankingStatus?,ghidra-hand
0x010F04,setTimingArrayValuesForOutput?,ghidra-hand
0x010F72,returnOne,ghidra-hand
0x010F76,returnDwellTime_fp,ghidra-hand
0x010F84,outputPerRotorIgnitionDwell,ghidra-hand
0x010FEA,calculatePerRotorIgnitionDwell,ghidra-hand
0x01107A,resetFunc?,ghidra-hand
0x011286,setEngineStatusRotor,ghidra-hand
0x011540,someMainFunction,ghidra-hand
0x011584,throttleTask,ghidra-hand
0x0117C8,engineControlTASK2,ghidra-hand
0x01182A,task3,ghidra-hand
0x0118FE,cruiseControl?,ghidra-hand
0x01194E,bunchOFuncs,ghidra-hand
0x011C1C,engineControlTASK,ghidra-hand
0x011C72,bulkInits??,ghidra-hand
0x011F54,getKnownBooleanValue??,ghidra-hand
0x011F78,calculateLeadingTimingBase,ghidra-hand
0x01202A,calculateTrailingTimingBase,ghidra-hand
0x012180,getIgnitionTimingInit,ghidra-hand
0x012192,getInitalLeadingTrailingAdvance?,ghidra-hand
0x0121A4,calculateDSCLeadingTimingDerate?,ghidra-hand
0x012236,modifyTiming,ghidra-hand
0x012294,calculateDSCTrailingTimingDerate?,ghidra-hand
0x012326,modifyTrailingTiming,ghidra-hand
0x012342,calculateLeadingTimingDerateCompensated,ghidra-hand
0x012352,calculateTrailingTimingDerateCompensated,ghidra-hand
0x012362,calculateLeadingTimingBaseFinal,ghidra-hand
0x012456,calculateTrailingTimingBaseFinal,ghidra-hand
0x01253C,calculateLeadingDerateRetard,ghidra-hand
0x012576,calculateTrailingDerateRetard,ghidra-hand
0x0125B0,defaultTimingMinMax,ghidra-hand
0x0126C0,calculateTrailingOffThrottleRetard?,ghidra-hand
0x0127E8,vehicleSpeedAndBrakingFuelCut?,ghidra-hand
0x012904,calculateOffThrottleTimingDerate,ghidra-hand
0x012B6A,calculateOffThrottleORFuelCutTimer,ghidra-hand
0x012BD6,somethingEngineLoadCalc,ghidra-hand
0x012CE8,getEngineLimitTimingDerates?,ghidra-hand
0x012D30,engineConditionDetectForTimingModification,ghidra-hand
0x012E94,leadingAndTrailingSeperatorSomething,ghidra-hand
0x013070,roughKnockCorrection,ghidra-hand
0x01326E,finalLeadingTimingStuff?,ghidra-hand
0x0132CA,finalTrailingTimingStuff?,ghidra-hand
0x013414,idleLeadingTimingCorrection?,ghidra-hand
0x013544,idleTrailingTimingCorrection?,ghidra-hand
0x013674,updateKnockRamTHUNK,ghidra-hand
0x013686,getKnockControlAllowed??,ghidra-hand
0x0136D6,getKnockSensorFaultedStatus?,ghidra-hand
0x0136FE,getKnockControlActive,ghidra-hand
0x013760,calcKnockRAMUpdate?,ghidra-hand
0x013808,updateKnockMaxRAM,ghidra-hand
0x0138A4,calculateKnockConditonActiveTimingDerate,ghidra-hand
0x0139B4,calculateKnockConditonClearedAddTimingBack,ghidra-hand
0x013AE4,limitKnockRetardMax_ConditonalRPM,ghidra-hand
0x013B4A,limitKnockRetardMax_CalValue,ghidra-hand
0x013B5E,saturateBetweenKnockRetardMinMaxTables,ghidra-hand
0x013C44,getEngineConditionsForKnockControl??,ghidra-hand
0x013E04,debounceThrottleRate,ghidra-hand
0x013E30,getCoolantBasedTimingDerate??,ghidra-hand
0x013E98,floatArrayToByteArrayLookup1,ghidra-hand
0x013F60,floatArrayToByteArrayLookup2,ghidra-hand
0x013FF4,calcLeadingTimingIATCompensation,ghidra-hand
0x014064,calculateAllTimingLoadCompensation,ghidra-hand
0x0141FC,engineControlCalculateTiming,ghidra-hand
0x0143D2,fuelCutCondtionRelated,ghidra-hand
0x014586,torqueModelRealted,ghidra-hand
0x0145BC,calculateLeadingTimingCompensations,ghidra-hand
0x0145DA,leadingAndTrailingSeperationMain,ghidra-hand
0x014614,updateKnockRamTHUNK,ghidra-hand
0x0146D4,setPerRotorTimingValuesLeading,ghidra-hand
0x01470A,setPerRotorTimingValuesTrailing,ghidra-hand
0x01476C,engineCrankingConditionsInit??,ghidra-hand
0x01477C,getEngineCrankingState??,ghidra-hand
0x0148A4,detectIdleConditions???,ghidra-hand
0x014B0A,updateIdleTimersMAYBE??,ghidra-hand
0x014C70,idleTableLookupRelated?,ghidra-hand
0x014FCC,idleController?,ghidra-hand
0x0165C4,updateIdleControl??,ghidra-hand
0x0167D8,ImmoRelatedFaultSomething?,ghidra-hand
0x016924,readImmoBit,ghidra-hand
0x016B30,calcOilMetering,ghidra-hand
0x01721C,knockRelatedFUNC,ghidra-hand
0x0178E8,calculateKnockTimingDerateConditionEvents,ghidra-hand
0x017AB0,batteryRelatedFaults??,ghidra-hand
0x017D7A,omp_control_task_1825E,ghidra-hand
0x018D3C,dscRelatedTiming?,ghidra-hand
0x0193B4,getSecondaryAirPumpRequest,ghidra-hand
0x0194A0,getConditonalsFuelCutRelated?,ghidra-hand
0x0198FA,evaluateFuelCutCondtionUnknown,ghidra-hand
0x019A5E,adcCoolantTemp2Volts,ghidra-hand
0x019A76,coolantTempRAMWrite,ghidra-hand
0x019AB2,decrementTempForCatModel??,ghidra-hand
0x019B82,filterSomething,ghidra-hand
0x019BC6,filterSomething2,ghidra-hand
0x019FC0,calculateThrottlePedalPercent,ghidra-hand
0x01A2E8,calculateKeyOnTime,ghidra-hand
0x01A310,calculateKeyOffTime,ghidra-hand
0x01A35C,getIOUpdates?,ghidra-hand
0x01A4E6,engineControlGetAir,ghidra-hand
0x01A68C,initOrNewLoopMAYBE,ghidra-hand
0x01A7FA,vehicleConditionRelatedFuntions,ghidra-hand
0x01A940,getVehicleCondtions??,ghidra-hand
0x01AA1E,sensorStuff,ghidra-hand
0x01ACAE,MAFRelated,ghidra-hand
0x01ADE6,filterMAF??,ghidra-hand
0x01AE8A,calcThrottleBasedMAF,ghidra-hand
0x01AF10,calculateLoadGramsPerRev,ghidra-hand
0x01AFCC,getDriverOffThrottleTimer??,ghidra-hand
0x01B014,getDriverOffThrottleInstatanious,ghidra-hand
0x01B136,writeO2SensorForApplication,ghidra-hand
0x01B170,fuelingRealtedInitalVals??,ghidra-hand
0x01B548,filterActualLambda,ghidra-hand
0x01C3F0,calculateThrottlePedalPercentForSomethingElse?,ghidra-hand
0x01C8E2,adcIAT2Volts,ghidra-hand
0x01C948,IATPlausiblityCheck???,ghidra-hand
0x01CBEC,getEngineFuelingStatus?,ghidra-hand
0x01CDCC,secondaryAirRequestStuff,ghidra-hand
0x01D694,CLFuelingRealted??,ghidra-hand
0x01DE3A,closedLoopFuelMassCalc??,ghidra-hand
0x01E114,rearO2Correction_MAYBE?,ghidra-hand
0x01E1D2,rearO2CalculatedSomething,ghidra-hand
0x01E2B0,getRearO2FilteredValue,ghidra-hand
0x01E33C,calcRearO2FuelTrim,ghidra-hand
0x01E72C,calculateRearO2SomethingIntegrator??,ghidra-hand
0x01E85C,calcColdStartEnrichment??,ghidra-hand
0x01E8CC,calculateEngineControlState???,ghidra-hand
0x01EB94,fuelTrimRelated?,ghidra-hand
0x01EEA8,LTFTRelated,ghidra-hand
0x01F2A2,getMAFOpertionRange,ghidra-hand
0x01F360,LTFTForCAN??,ghidra-hand
0x01F890,setClosedLoopBool,ghidra-hand
0x01F8AA,calcOpenLoopFuelingTarget,ghidra-hand
0x01FB24,calcCLorOLControl,ghidra-hand
0x0205AC,engineConditonSomething,ghidra-hand
0x0207A8,fuelingStateStuff??,ghidra-hand
0x020B26,calculateOLMultiplier,ghidra-hand
0x020CAC,CLChangeoverEnrichment??,ghidra-hand
0x020EEC,MAFStuff_MaybeVE??,ghidra-hand
0x0210A4,driverOffThrottleSetPrevLoop,ghidra-hand
0x0216D4,setPrevLoops??,ghidra-hand
0x021762,perRotorFuelCut??,ghidra-hand
0x0217B2,engineControlGetFueling,ghidra-hand
0x0218F4,crankingRelatedFunc,ghidra-hand
0x021AB6,DSCThrottleStuff?,ghidra-hand
0x021B6A,OLFueling??,ghidra-hand
0x021BB2,getFuelingSlowtask?,ghidra-hand
0x021E64,acCompressorLeadingTimingRetard,ghidra-hand
0x021F64,acCompressorTrailingTimingRetard,ghidra-hand
0x0220CC,ssvControl,ghidra-hand
0x0220D2,getSSVControl,ghidra-hand
0x0220F8,ssvControl,ghidra-hand
0x022230,throttlePlateControl_Related,ghidra-hand
0x0222DC,fpu_zero_init_routine_222DC,ghidra-hand
0x0223EC,throttlePlatePosToTorqueOutput?,ghidra-hand
0x022454,getThrottleBasedTorque_Related,ghidra-hand
0x0224B8,throttlePlateTorqueStuff,ghidra-hand
0x0224F6,evapRelated,ghidra-hand
0x022EA4,noOp,ghidra-hand
0x02326C,calculateThrottlePedalPositionMapBased,ghidra-hand
0x0233A4,calculateThrottlePlateRequest??,ghidra-hand
0x0235CC,filterThrottlePlatePosRequest,ghidra-hand
0x0237EE,updateMemPtr??,ghidra-hand
0x0237F4,getThrottleControl,ghidra-hand
0x0247C2,updateFaults???,ghidra-hand
0x024D3E,interstingFunc,ghidra-hand
0x0253CC,getAutoTransCal??,ghidra-hand
0x02572E,getEngineSpeed,ghidra-hand
0x025752,filterEngineSpeed,ghidra-hand
0x0257D6,calculatePredictedEngineSpeed?,ghidra-hand
0x025B18,setValues,ghidra-hand
0x025B36,counterFunction,ghidra-hand
0x025B40,counterFunction2,ghidra-hand
0x025C34,setValues,ghidra-hand
0x025DF4,setImmoLight??,ghidra-hand
0x025EC4,filterBatteryVoltage,ghidra-hand
0x025F98,calculateOutputforAlternator,ghidra-hand
0x026044,alternatorStuff,ghidra-hand
0x02619A,getBatteryVoltageStatus,ghidra-hand
0x026298,getAlternatorFaultStatus,ghidra-hand
0x0262DC,calculateECMOverVolt,ghidra-hand
0x026308,getAlternatorSpeedConditonal,ghidra-hand
0x026340,updateEngineRunningLessThan60Timer,ghidra-hand
0x02639A,getVehicleConditionforAlternatorControl,ghidra-hand
0x02644C,calculate12VBatteryTemperature,ghidra-hand
0x026520,calcDesiredAlternatorVoltage,ghidra-hand
0x026A94,altneratorVoltageController,ghidra-hand
0x026F48,calculateAlternatorDiagDCOutput,ghidra-hand
0x027084,setAlternatorWarningLight,ghidra-hand
0x0270EA,alternatorControlMain,ghidra-hand
0x027132,alternatorControl,ghidra-hand
0x02718C,alternatorControlMain,ghidra-hand
0x0275CC,calculateEngineSpeedDelta,ghidra-hand
0x027700,looksForEngineSpeedDelta,ghidra-hand
0x027CA4,calculateEngineNotLeanCounter,ghidra-hand
0x0284D6,eShaftLearn?,ghidra-hand
0x02912E,largeFunction,ghidra-hand
0x0292BA,getSomeEngineConditions,ghidra-hand
0x029554,init420CAN,ghidra-hand
0x02955A,can420TX_getAndPack,ghidra-hand
0x029584,reset420CANTimer,ghidra-hand
0x02958C,can420TXPack,ghidra-hand
0x0295C4,updateCAN420Data,ghidra-hand
0x0295E8,getOdoBroadcastForCAN,ghidra-hand
0x0295F2,stubByte420TX,ghidra-hand
0x0295FA,setOilPressureGaugeStatus,ghidra-hand
0x029620,calcMILStatusForCAN,ghidra-hand
0x0296CC,scaleCoolantTempForCAN??,ghidra-hand
0x029738,canRX_216_stubs?,ghidra-hand
0x029768,CAN216RX_Main,ghidra-hand
0x02979A,can216RXTimer,ghidra-hand
0x029860,can216RXUnpack,ghidra-hand
0x0298A4,can216RXParse?,ghidra-hand
0x0299D0,can216ResetTimer,ghidra-hand
0x0299DA,CANRX216TimeoutCount,ghidra-hand
0x029A1C,CAN231TX_Main,ghidra-hand
0x029A46,can231SetupTx,ghidra-hand
0x029A6E,can231TxPack,ghidra-hand
0x029B52,can201TX_getAndPack,ghidra-hand
0x029B84,can201Pack,ghidra-hand
0x029BC4,getCAN201Values,ghidra-hand
0x029C1C,stubCAN201Byte2_3,ghidra-hand
0x029CE0,stubCAN201_byte7,ghidra-hand
0x029DC2,can203TX_getAndPack,ghidra-hand
0x029DF4,can203pack,ghidra-hand
0x029E28,getEngineTorqueMetricsForCAN,ghidra-hand
0x029E92,torqueCaltoCAN203_byte4,ghidra-hand
0x029ED4,can203EngineStatusPack,ghidra-hand
0x029F36,stubCAN203TX_byte6,ghidra-hand
0x029F3E,getActualEngineTorque_related1,ghidra-hand
0x02A0C0,calculateDesiredTorque_??,ghidra-hand
0x02A264,getEngineTorqueMaxCal,ghidra-hand
0x02A2A4,getEngineTorqueMax_Int,ghidra-hand
0x02A3E2,can251TX_getAndPack,ghidra-hand
0x02A414,can215TXpack,ghidra-hand
0x02A4A0,FUNC_ThrottleMapRelated1,ghidra-hand
0x02A8F4,canInitVals,ghidra-hand
0x02A9BA,CANHandler,ghidra-hand
0x02AA02,updateDSCRelatedCANStuff??,ghidra-hand
0x02AA62,checkCANFaults??,ghidra-hand
0x02AAF2,setOBDCANTXVars,ghidra-hand
0x02AC4C,canMessageSetup,ghidra-hand
0x02B1DC,dealsWithVehSpeed,ghidra-hand
0x02B744,CAN4B0RX_Main,ghidra-hand
0x02B79A,parseWheelSpeedsAndVehicleSpeed??,ghidra-hand
0x02B8AA,calculateIfVehicleMoving,ghidra-hand
0x02B8D2,calculateWheelspeed_LR_Validity,ghidra-hand
0x02B8FE,calculateWheelspeed_RR_Validity,ghidra-hand
0x02B92A,canrx4b0related,ghidra-hand
0x02B9F0,CAN212RX_Main,ghidra-hand
0x02BA68,can212RXSignalValidity??,ghidra-hand
0x02BB0C,calculateEngineMaxTorqueAllowed_??,ghidra-hand
0x02BE16,DSC_checkIfMode_x80,ghidra-hand
0x02BEA8,DSC_checkIfMode_x40,ghidra-hand
0x02BEDC,DSC_checkIfMode_x20,ghidra-hand
0x02BEFA,DSC_checkIfMode_x10,ghidra-hand
0x02BF36,can212RXUnpack,ghidra-hand
0x02BF6A,checkTorqueRequestValidity,ghidra-hand
0x02C0AC,CAN4C0RX_Main,ghidra-hand
0x02C132,can650TX_getAndPack,ghidra-hand
0x02C250,writeOilPressureLight??,ghidra-hand
0x02C2D0,writeOilPressureGauge??,ghidra-hand
0x02C37E,getInitalTimingValues??,ghidra-hand
0x02C388,getIgnitionRelatedCalsForSomething,ghidra-hand
0x02C3AE,crankingTimingInitSomething?,ghidra-hand
0x02C548,checkFuelCutStatusForSomething,ghidra-hand
0x02C5D0,calculateCruiseControlSwitchVolt,ghidra-hand
0x02C5F8,calculateCruiseControlDriverRequest,ghidra-hand
0x02C8AC,setGearBools,ghidra-hand
0x02C912,debounceGearConditionAutoTransMAYBE,ghidra-hand
0x02CADC,calculateGearRPMbased,ghidra-hand
0x02CB6A,debounceCalculatedGear,ghidra-hand
0x02CD2E,can231TX_getAndPack,ghidra-hand
0x02CD60,canPackandTx231,ghidra-hand
0x02CE0C,dscDerateInit?,ghidra-hand
0x02CEB8,getCondtionsForSomething,ghidra-hand
0x02CFFA,dscMapSelectModex20,ghidra-hand
0x02D0CE,dscPerRotorCut?,ghidra-hand
0x02D132,get3DLookupConditionalMultiplierOfSomeSort,ghidra-hand
0x02D1C0,arbitrateDSCFuelCut?,ghidra-hand
0x02D204,nothingFunc4,ghidra-hand
0x02D208,calculateTorqueRelatedParams,ghidra-hand
0x02D2B8,getRPMLoadBasedMult,ghidra-hand
0x02D2D0,getLeadingTimingTCModeA_4_val,ghidra-hand
0x02D2E8,getEngineTrqFromLookup,ghidra-hand
0x02D300,calculateTorqueRelated,ghidra-hand
0x02D320,calculateEngineMaxTorquePcnt??,ghidra-hand
0x02D38C,calculateEngTorqueWithLosses,ghidra-hand
0x02D3A2,calculateTotalRequestedTrqPcnt,ghidra-hand
0x02D3B8,calculateEngineTorqueWithTimingLoss??,ghidra-hand
0x02D456,getRPMBasedTorqueAdder,ghidra-hand
0x02D46E,getDesiredTorqueCalcVar2,ghidra-hand
0x02D486,getDesiredTorqueCalcVar3,ghidra-hand
0x02D586,calculateVehicleAccel,ghidra-hand
0x02D5A0,filterVehicleAccel,ghidra-hand
0x02D924,calculateCruiseControlDisableCondition,ghidra-hand
0x02D9BC,cruiseControlUndershootingPlausibilityMon,ghidra-hand
0x02DB00,cruiseControlOvershootPlausibilityMon,ghidra-hand
0x02DBC4,getCruiseControlAllowedBool??,ghidra-hand
0x02DCDC,calculateCruiseControlFFTorque,ghidra-hand
0x02DE64,calculateCruiseControlProportionalTorque??,ghidra-hand
0x02E50C,calculateCruiseControlFinalTorque,ghidra-hand
0x02E66C,cruiseControlStateStuff,ghidra-hand
0x02EB1E,nothingFunc3,ghidra-hand
0x02EB22,cruiseControlFunctions,ghidra-hand
0x02EB40,cruiseControlMain??,ghidra-hand
0x02EBEE,getCruiseControlE2Metrics,ghidra-hand
0x02ED54,calculateACClutchOn??,ghidra-hand
0x02EFD4,calcACCompressorRequest,ghidra-hand
0x02F5DA,acCompressorControlMain???,ghidra-hand
0x02F640,initFanControl,ghidra-hand
0x02F694,setFanOutputGPIO,ghidra-hand
0x02F718,initFanControl,ghidra-hand
0x02F71E,fanControlMain,ghidra-hand
0x02F764,calcFanControlFaultRelated_MAYBE,ghidra-hand
0x02F9D2,calcFan1Control,ghidra-hand
0x02FB14,calcFan2Control,ghidra-hand
0x02FD20,getACSwitchStatus,ghidra-hand
0x02FE14,getOBDFuelModificationRequest,ghidra-hand
0x02FE88,filterFuelVolumeRequest,ghidra-hand
0x02FEB4,calculateFuelingRequestMaxForOBDControl,ghidra-hand
0x02FFD8,fuelingAddOBDControlMode?,ghidra-hand
0x0301B0,calculateEngineTemperatures,ghidra-hand
0x0301F6,getInjectorTempBasedMultiplierLookups,ghidra-hand
0x030268,getEstimatedManifoldPressure,ghidra-hand
0x0302B8,calcRelativePressure,ghidra-hand
0x0302D6,getInjctorManifoldVacuumCompensationMult,ghidra-hand
0x0302F4,getBaroPressureMult,ghidra-hand
0x030344,injectorPulseTimeArbitrate_crankAddTimer,ghidra-hand
0x030414,getFuelInectorLatencyCals,ghidra-hand
0x0304CC,getInjectorOnTimeCompensations,ghidra-hand
0x030570,setInjectorStuffPrevLoop?,ghidra-hand
0x0306B4,calcInjectorCrankingTime??,ghidra-hand
0x030700,getCrankingInjectorPulseTime,ghidra-hand
0x030728,getDiagnosticFuelPulseCranking?,ghidra-hand
0x03083C,throttleDownDeFloodCheck?,ghidra-hand
0x03089A,setStartupInjectorPwMult,ghidra-hand
0x030904,handleDiagInjectorPulseSomething?,ghidra-hand
0x030B14,diagCrankingInjectorPulseAdder?,ghidra-hand
0x030B84,calcFuelVolumeRequest,ghidra-hand
0x030C7C,getClosedLoopTarget?,ghidra-hand
0x030DE4,calculateFuelAmountPerRotationMinMax,ghidra-hand
0x030FA4,calcFuelRequestConditons,ghidra-hand
0x0313F0,calcInjectorOnTime,ghidra-hand
0x0317E4,secondaryAirRelated??,ghidra-hand
0x031978,massive_fpu_control_calc_31978,ghidra-hand
0x031ACC,calculateSecondaryAirPumpEnirchment,ghidra-hand
0x031BA0,turnOnSecondaryAir??,ghidra-hand
0x031BF2,calculateSecondaryAirOnTime,ghidra-hand
0x031C50,secondaryAirRelated,ghidra-hand
0x031DCA,getEngineOffTimer,ghidra-hand
0x031DF2,getSecondaryAirOnTimer,ghidra-hand
0x032094,setAPVDC?,ghidra-hand
0x0320C8,apvControl?,ghidra-hand
0x032114,calcAPVControl,ghidra-hand
0x032376,apvPositionVoltageCounter,ghidra-hand
0x0323B2,calcAPVCounter,ghidra-hand
0x0323DA,getAPVConditions?,ghidra-hand
0x03256E,filterVehicleSpeed,ghidra-hand
0x0325AC,cruiseControllAccelResCheck??,ghidra-hand
0x032750,cruiseControlACCELRESAllowed?,ghidra-hand
0x0327CE,debounceCruiseControlSET,ghidra-hand
0x032820,debounceCruiseControlACCELRES,ghidra-hand
0x0328D4,cruiseControlSetRealted,ghidra-hand
0x032ABC,calculateCruiseControlSpeedTarget,ghidra-hand
0x032DE2,can630TX_getAndPack,ghidra-hand
0x032E3E,packCANTX630,ghidra-hand
0x032ED6,can620TX_getAndPack,ghidra-hand
0x032F08,can620Pack,ghidra-hand
0x032F8A,speedLimiterSetLimitType??,ghidra-hand
0x033040,CAN430RX_Main,ghidra-hand
0x03306A,can430rx_unpack,ghidra-hand
0x033124,fpu_threshold_condition_check_33124,ghidra-hand
0x033200,coolantTempSubtractorsForCatModel,ghidra-hand
0x033264,getCrankEnrichment?,ghidra-hand
0x033366,speedLimitRelated??,ghidra-hand
0x0333C6,applySpeedLimiter???,ghidra-hand
0x033460,somethingPIController???,ghidra-hand
0x0336A4,idleControlRealted??,ghidra-hand
0x03390C,cruiseControlInit,ghidra-hand
0x03395A,knockMultiplierInit,ghidra-hand
0x033982,knockInit,ghidra-hand
0x033992,knockConditonalInit,ghidra-hand
0x033A18,knockTimingRelated,ghidra-hand
0x033CB2,detectKnockCondition??,ghidra-hand
0x033DA4,throttlePedalParameters,ghidra-hand
0x033F20,detectDriverIntentKnockControl?,ghidra-hand
0x033FA4,calculateKnockConditionA,ghidra-hand
0x0341D0,resetCounter,ghidra-hand
0x0341DA,setEngineLoadInitalVal,ghidra-hand
0x0341E4,airPerStroke,ghidra-hand
0x0341F4,calculateEngineLoadMax,ghidra-hand
0x034228,getMaxLoadCompensations,ghidra-hand
0x03424A,calculateEngineLoad,ghidra-hand
0x0345C4,getThrottlePositionFault??,ghidra-hand
0x0345F0,getTotalLoadDeltaEnrich??,ghidra-hand
0x03477C,getRotor1LoadDeltaEnrich??,ghidra-hand
0x03484E,getRotor2LoadDeltaEnrich??,ghidra-hand
0x0348CC,getEngineStartupEnrichValue,ghidra-hand
0x0348EE,derateEngineStartupEnrich,ghidra-hand
0x034964,fuelingStartupMultiplierStuff,ghidra-hand
0x0349D8,resetStartupEnrich??,ghidra-hand
0x034A30,setEngineLoadsPrevLoop,ghidra-hand
0x034A84,calcEngineLoadChange,ghidra-hand
0x034F64,VDIControl,ghidra-hand
0x035004,VDIControl,ghidra-hand
0x03500A,vdiControl,ghidra-hand
0x035030,vfadControl,ghidra-hand
0x035036,vfadControl,ghidra-hand
0x03505C,vfadControl,ghidra-hand
0x035104,ImmoSomethingOrOther??,ghidra-hand
0x035194,immoRelatedMaybe??,ghidra-hand
0x035202,ImmoMain,ghidra-hand
0x03537C,ImmoIdleFcn,ghidra-hand
0x035432,ImmoWaitForKey,ghidra-hand
0x035588,ImmoKeyRXd,ghidra-hand
0x035662,ImmoCalculateSeedResult,ghidra-hand
0x035782,ImmoStateGoodFunc,ghidra-hand
0x0358CE,ImmoStateInvalidKey,ghidra-hand
0x035978,ImmoStateReadyToDriveEngineOff,ghidra-hand
0x0359E4,ImmoGoodStateSet?,ghidra-hand
0x035A58,ImmoBadStateSet?,ghidra-hand
0x035A76,immo_related??,ghidra-hand
0x035AEE,ImmoGetSeed,ghidra-hand
0x035BFC,calculateImmoSeed,ghidra-hand
0x035D10,ImmoGetCANData,ghidra-hand
0x035E58,setImmoCANTXData,ghidra-hand
0x035F9C,Immo_Keygen_related_ADC,ghidra-hand
0x036076,loadDatafromE2intoRAM?,ghidra-hand
0x0360BC,getDataFromE2RAM,ghidra-hand
0x0361AC,updateE2RAMBasedOnInput,ghidra-hand
0x036456,writeToE2RAMAreaTHUNK_INDEX_ADDR_LEN,ghidra-hand
0x0365C0,ImmoUpdateRelated,ghidra-hand
0x036684,checkImmoStatus?,ghidra-hand
0x037028,afterImmoMain,ghidra-hand
0x0371EC,afterImmo_1,ghidra-hand
0x03735C,afterImmo_2,ghidra-hand
0x0373FE,ModeB1UDSFunc,ghidra-hand
0x0374CE,afterImmo_6,ghidra-hand
0x0375F4,afterImmo_3,ghidra-hand
0x03775C,afterImmo_4,ghidra-hand
0x037854,afterImmo_5,ghidra-hand
0x0379AC,afterImmo_7,ghidra-hand
0x037BDE,afterImmo_8,ghidra-hand
0x037C88,setImmoFault?,ghidra-hand
0x0383F8,E2IntoRAM?,ghidra-hand
0x0385C4,writeToE2RAMArea_INDEX_ADDR_LEN,ghidra-hand
0x038610,getFromE2_E2ADDR_RAMADDR_LEN,ghidra-hand
0x0387E8,can41TXPack,ghidra-hand
0x03883C,CAN47RX_Main,ghidra-hand
0x038870,can47RXunpack,ghidra-hand
0x038E70,FUNC_valueInits_MAYBE?,ghidra-hand
0x03905A,dealsWithFuelCutSetting,ghidra-hand
0x039210,setupFuelingVariables,ghidra-hand
0x039270,evapRelated,ghidra-hand
0x0393DE,calculateKnockSensorStatus,ghidra-hand
0x0394FC,faultDetermination?,ghidra-hand
0x039938,faultRelated??,ghidra-hand
0x03A384,MPUCall?,ghidra-hand
0x03A8F2,setupLambdaForCatTempModel,ghidra-hand
0x03BC1C,setFuelingRequestPointer,ghidra-hand
0x03BD3A,fuelLevelRelated,ghidra-hand
0x03C992,adcVoltageOutOfRangeCheck?,ghidra-hand
0x03CE22,checkTimers,ghidra-hand
0x03E0AC,floatDivideDiv0errCheck_SIG_DIVISOR,ghidra-hand
0x03E0DC,readValue_8bit_ADDRESS_VAL,ghidra-hand
0x03E11C,readValue_16bit_ADDRESS_VAL,ghidra-hand
0x03E15C,readValue_32bit_ADDRESS_VAL,ghidra-hand
0x03E1AA,readValue_float_DEFAULTVAL_ADDRESS,ghidra-hand
0x03E1F8,updateMemoryAtAddress_8bit_ADDR_VAL,ghidra-hand
0x03E208,updateMemoryAtAddress_16bit_ADDR_VAL,ghidra-hand
0x03E218,updateMemoryAtAddress_32bit_ADDR_VAL,ghidra-hand
0x03E258,updateMemoryAtAddress_float_VAL_ADDR,ghidra-hand
0x03E29E,validateAddressCopy_8bit_ADDRESS??,ghidra-hand
0x03E2DA,validateAddressCopy_16bit_ADDRESS??,ghidra-hand
0x03E330,validateAddressCopy_32bit_ADDRESS??,ghidra-hand
0x03E38A,validateAddressCopy_float_ADDRESS??,ghidra-hand
0x03E3F0,setMemInsideFUNCto1,ghidra-hand
0x03E5A8,SetMemoryNotValid2??,ghidra-hand
0x03E93A,catTempRelated?,ghidra-hand
0x03EABA,coolantTempModelBooleans,ghidra-hand
0x03EAFC,calcEstimatedCatTemp,ghidra-hand
0x03ED02,getCatTempConditional,ghidra-hand
0x03ED2A,getCatTempConditional2,ghidra-hand
0x03ED52,catTempShit,ghidra-hand
0x03EE12,getCatTempInRange,ghidra-hand
0x03F0D6,catTempRelated,ghidra-hand
0x03F158,pcmBoardTempADCtoVolts,ghidra-hand
0x041198,conditionalFuelingFaultSomething,ghidra-hand
0x041A40,lambdaRelated,ghidra-hand
0x042230,calculateThrottlePercentDuringLift,ghidra-hand
0x042296,calculateDriverConditions,ghidra-hand
0x042330,liftoffRelated??,ghidra-hand
0x04244C,throttleLiftCountersandConditions,ghidra-hand
0x0424AC,vehicleSpeedRelatedSOmething,ghidra-hand
0x0425A2,throttleLiftoffRelated,ghidra-hand
0x0426C2,setLoadandRPM,ghidra-hand
0x04272A,engineLoad2ndOrderLowPass,ghidra-hand
0x042934,calculatedEngineAccelerationFiltered,ghidra-hand
0x0429BC,getEngineSpeedRateOfChange,ghidra-hand
0x0429EE,filterEngineSpeedRateOfChange,ghidra-hand
0x042B7C,relatedToFuelCut?,ghidra-hand
0x042BF6,calc_decel_fuel_cut_445AA,ghidra-hand
0x042F2C,getThrottleLessThanLookupTimer,ghidra-hand
0x042F56,liftConditionSRLatch,ghidra-hand
0x04305E,can216DataPlausibilityCheck,ghidra-hand
0x0430A4,getCoolantTempBool,ghidra-hand
0x04315C,throttleLiftInitStuff,ghidra-hand
0x043168,calculateCrankingTimingLeading,ghidra-hand
0x0431E6,calculateCrankingTimingTrailing,ghidra-hand
0x0432B0,apvVoltageRange,ghidra-hand
0x0432BA,getAPVPosVoltage,ghidra-hand
0x0432D2,getApvVoltageRange,ghidra-hand
0x0444C4,obdFaultRelated?,ghidra-hand
0x04615C,calculateFuelCutLoadBased?,ghidra-hand
0x046406,fuelCutSomethingSomething,ghidra-hand
0x046492,updateFuelCutPerRotorCalType,ghidra-hand
0x046518,resetFuelCutReq,ghidra-hand
0x04653E,setPerRotorLevel1FuelCut,ghidra-hand
0x0468A4,setThrottleStatus,ghidra-hand
0x046D64,getThrottleStatusBooleans,ghidra-hand
0x04772C,updateMemPtr??,ghidra-hand
0x04819A,calcSpeedBasedIATCompensation??,ghidra-hand
0x048264,calcSpeedBasedIATCompensation??,ghidra-hand
0x0483C0,getSpeedLimitCal,ghidra-hand
0x048B5E,sourceOf10kReset?,ghidra-hand
0x048F68,getknockSensorFaultStatus,ghidra-hand
0x049040,updateKnockSensorFaultMemory,ghidra-hand
0x0498E0,fuelCutVariableInit,ghidra-hand
0x049920,fuelCutRelated_Something?,ghidra-hand
0x04997C,fuelCutTimerAfterReset,ghidra-hand
0x049A8E,resetFuelCutCondition7,ghidra-hand
0x049CB6,initFuelCutStuff,ghidra-hand
0x049CEC,initFuelCutStuff2,ghidra-hand
0x049ED0,initStuff,ghidra-hand
0x049EE2,arbitratePlausibilityResumeEnrich,ghidra-hand
0x04A0D8,getPlausibilityFuelCutFuelResumeEnrichment,ghidra-hand
0x04A27C,unknownEnrichmentInit,ghidra-hand
0x04A284,enrichmentUnknownConditionCheck,ghidra-hand
0x04A6EC,vehicleDistanceCalc?,ghidra-hand
0x04A820,vehicleSPeed_E2_something,ghidra-hand
0x04AE38,calcDiagFuelInjectorTrim,ghidra-hand
0x04AEFC,setRX4B1Timer,ghidra-hand
0x04AF00,CAN4B1RX_Main,ghidra-hand
0x04AF26,can4B1RXUnpack,ghidra-hand
0x04AF5A,setRX4B1Timer,ghidra-hand
0x04AF64,canRX4B1Timer,ghidra-hand
0x04AFCE,can240TX_getAndPack,ghidra-hand
0x04AFFC,can240TX_pack,ghidra-hand
0x04B036,getOBDCANTXVars1,ghidra-hand
0x04B0CA,can250TX_getAndPack,ghidra-hand
0x04B0F0,resetCAN250Timer,ghidra-hand
0x04B0F8,can250TX_pack,ghidra-hand
0x04B134,getOBDCANTXVars2,ghidra-hand
0x04B20E,counterReset,ghidra-hand
0x04B3A6,updatedSUBSYSTEMFaults,ghidra-hand
0x04B568,updateCounters,ghidra-hand
0x04B77E,apvFaultRealted?,ghidra-hand
0x04B89C,calculateIgnitionDwellAdder,ghidra-hand
0x04CAB0,counterBooleanLookup,ghidra-hand
0x04CBCA,driveCycleDetermination??,ghidra-hand
0x04D004,interestingFunc1,ghidra-hand
0x04D0D0,filterEvapSomething?,ghidra-hand
0x04D3DA,filterECMVotlage,ghidra-hand
0x04D44C,getBatteryVoltage,ghidra-hand
0x04D53C,initLTFTStuff?,ghidra-hand
0x04DAB8,fuelLevelSomething,ghidra-hand
0x05131E,IATTimerOperation??,ghidra-hand
0x0524C0,getTireSizeChecksumthing?,ghidra-hand
0x05266C,updateSUBSYSTEMSomethingFault,ghidra-hand
0x052698,setAlternatorFault,ghidra-hand
0x0528C4,set_CAN_fault???,ghidra-hand
0x0528DA,updateCANFaults,ghidra-hand
0x0529AE,updateRAM??,ghidra-hand
0x052A12,udsResponseRelated??,ghidra-hand
0x052A5A,udsErrorResponse,ghidra-hand
0x052E10,OBDHandlerMAYBE??,ghidra-hand
0x052E7C,OBDHandlerMAYBE??,ghidra-hand
0x052EBE,caseD_0,ghidra-hand
0x052F28,caseD_1,ghidra-hand
0x0534B2,getOLStatusforOBD???,ghidra-hand
0x05352C,OBDStub,ghidra-hand
0x053530,getEngineLoadforOBD???,ghidra-hand
0x053590,getCoolantTempforOBD??,ghidra-hand
0x0535A6,getSTFTforOBD??,ghidra-hand
0x0535CC,getLTFTforOBD???,ghidra-hand
0x0535EA,getRPMforOBD??,ghidra-hand
0x053600,getVehicleSpeedForOBD??,ghidra-hand
0x053614,getIgnLeadingOBD,ghidra-hand
0x053678,getIATOBD,ghidra-hand
0x05368E,getMAFOBD??,ghidra-hand
0x0536B6,getThrottlePlatePosForOBD??,ghidra-hand
0x0536E2,getSecondaryAirPumpRequestForMode22,ghidra-hand
0x0536FE,convertRearO2VoltageForMode22,ghidra-hand
0x053724,getRearO2FuelTrimForOBD,ghidra-hand
0x0537E8,getEvapPurgeMode22,ghidra-hand
0x053826,getDistanceSinceMILClearedForMode22,ghidra-hand
0x053844,getBaroForOBD,ghidra-hand
0x053862,getBaroCompensatedLambda_fp,ghidra-hand
0x053878,getFrontO2Voltage_fp,ghidra-hand
0x053890,getCatTempOBD,ghidra-hand
0x053A24,getECMVoltageOBD,ghidra-hand
0x053A3A,getMode22EngineLoad,ghidra-hand
0x053A62,getCommandedLamdaOBD??,ghidra-hand
0x053A78,getMode22ThrottlePos,ghidra-hand
0x053A9E,getMode22IAT,ghidra-hand
0x053BC8,ClearFaults?,ghidra-hand
0x053D98,OBDModeFunc_Unsure,ghidra-hand
0x053E34,getCalID,ghidra-hand
0x053FA4,calculateDiagSessionConditional,ghidra-hand
0x053FCC,runSubfunction??,ghidra-hand
0x05405E,calculateDiagModeTimer,ghidra-hand
0x0540FE,getDiagSessionSubFunction,ghidra-hand
0x054146,checkSubFunctionCurrentlyRunning??,ghidra-hand
0x0541C6,readDiagMod??,ghidra-hand
0x0541F0,securityNotUnlocked,ghidra-hand
0x0543BA,SeedKeyRelated,ghidra-hand
0x0545BA,checkDeviceControlConditional,ghidra-hand
0x05463C,getSubFunctionMapping,ghidra-hand
0x054904,UDSServiceB1Function,ghidra-hand
0x054A66,runImmoRelatedCounter,ghidra-hand
0x054B04,UDSService22Function,ghidra-hand
0x054B72,mode22Hanlder,ghidra-hand
0x054BD2,UDSServiceSomething,ghidra-hand
0x054C12,getMonitorStatusMode22,ghidra-hand
0x054CE6,Mode22GetRPM,ghidra-hand
0x054D96,getRearO2FuelTrimMode22,ghidra-hand
0x055084,getIgnitionTrailingMode22,ghidra-hand
0x0551F2,getDesiredIdleRPMMode22,ghidra-hand
0x0552B6,getThrottlePlatePositionVoltageMode22,ghidra-hand
0x0552F8,getMAFVoltageMode22,ghidra-hand
0x055334,getInjectorOnTimeMode22,ghidra-hand
0x0553D6,Mode22PIDAlternatorDC,ghidra-hand
0x055412,getTireSizeMode22,ghidra-hand
0x05543E,getKnockRetardMode22,ghidra-hand
0x0554C4,getApvPosVoltage,ghidra-hand
0x0556E4,getApvPosMode22,ghidra-hand
0x055C14,getMode22PID,ghidra-hand
0x055D24,UDSPositiveResponse_16bit,ghidra-hand
0x055E68,memory_match_accumulate_583E4,ghidra-hand
0x055ECC,intToUDS_SERVICE_DATA,ghidra-hand
0x055EEE,byteToUDS_SERVICE_DATA,ghidra-hand
0x055F34,UDSService27Function,ghidra-hand
0x05615C,UDSMode10Func,ghidra-hand
0x0561FC,udsResponseSOmething,ghidra-hand
0x056220,parseSubFunction,ghidra-hand
0x057996,udsCheckMode31Conditions,ghidra-hand
0x058060,calcBatteryRelatedFaults??,ghidra-hand
0x0582AC,idleEnumRealted???,ghidra-hand
0x05876E,getVehicleSpeedThreshold,ghidra-hand
0x0588E8,faultSomething0x1,ghidra-hand
0x058AAC,getFuelLevelValidity,ghidra-hand
0x058E50,someOBDFunctionCaller,ghidra-hand
0x059744,UDSService11Function?,ghidra-hand
0x059808,delay?,ghidra-hand
0x05991E,dtcCodeTypeInit,ghidra-hand
0x059AE2,writeDTCCodeType,ghidra-hand
0x059C04,UDSService21Function,ghidra-hand
0x059DC4,grablast28ByteFromE2,ghidra-hand
0x059F40,UDSMode23Function,ghidra-hand
0x059FDC,getMemoryFromRAMForUDS23,ghidra-hand
0x05A0AE,checkIfAddressInRange,ghidra-hand
0x05A1E6,UDSMode28Func,ghidra-hand
0x05A43C,udsService2FFunc,ghidra-hand
0x05A78C,diagControlModeSomething,ghidra-hand
0x05A814,diagnosticModeFuelPulseWidthModify,ghidra-hand
0x05AAD4,obdFuelingAddRequst?,ghidra-hand
0x05ABB0,diagControlVDI,ghidra-hand
0x05AFF0,diagAlternatorSignalthing,ghidra-hand
0x05B100,diagMeteringPumpPositionControl,ghidra-hand
0x05B19C,ssvDiagControl?,ghidra-hand
0x05B394,alternatorPIDsomething,ghidra-hand
0x05B5B4,diagControlVFADMAYBE,ghidra-hand
0x05B76C,diagCheckSecondaryAirRequest,ghidra-hand
0x05B848,diagControlMode??,ghidra-hand
0x05BFAC,UDSMode34Func,ghidra-hand
0x05C024,UDSMode36Function?,ghidra-hand
0x05C064,UDSService37Function,ghidra-hand
0x05C434,UDSMode85Func,ghidra-hand
0x05C5A4,setDiagMode85Bool?,ghidra-hand
0x05C5D8,setDiagMode85Bool2,ghidra-hand
0x05C664,getTireSize,ghidra-hand
0x05C750,udsMode31Func,ghidra-hand
0x05C8BE,UDSMode33Func,ghidra-hand
0x05CD2C,getBrakingOrInNeutral,ghidra-hand
0x05E25C,returnFaultCode,ghidra-hand
0x05E270,lookupCodeTypeAll,ghidra-hand
0x05E296,lookupCodeTypeMisfire,ghidra-hand
0x05E2BC,faultEnableStatus2,ghidra-hand
0x05E2CE,faultConfirmationSomething?,ghidra-hand
0x05E380,faultSomething0x2,ghidra-hand
0x05E3BE,faultSomething0x0,ghidra-hand
0x05E524,checkIfDeviceControl?,ghidra-hand
0x05E57E,returnEngineRPM,ghidra-hand
0x05E584,returnCoolantTemp,ghidra-hand
0x05E58A,returnCoolantTemp2,ghidra-hand
0x05E5C8,getCoolantTempConditional,ghidra-hand
0x05E5F0,returnCoolantTempGreaterThan71,ghidra-hand
0x05E5FE,returnEngineLoad,ghidra-hand
0x05E604,returnEngineSpeed,ghidra-hand
0x05E644,updateFaultStatusTHUNK,ghidra-hand
0x05E648,updateFaultStatusTHUNKNoR6?,ghidra-hand
0x05E72C,updateFaultStatus,ghidra-hand
0x05E84C,checkAndSetFault?,ghidra-hand
0x05E918,returnCurrentFaultStatus,ghidra-hand
0x05EC68,setFaultEvalState?,ghidra-hand
0x05EE7E,nothingFunc2,ghidra-hand
0x05FD40,faultSomethingIdunno,ghidra-hand
0x05FEB6,dtcRelated,ghidra-hand
0x062E1C,nothingFunc,ghidra-hand
0x063F48,coolantTempPlausibilityCheck???,ghidra-hand
0x063F80,driveCycleDetectMAYBE?,ghidra-hand
0x06410C,UDSMode1Function,ghidra-hand
0x064BB0,OBDMode9Fuction,ghidra-hand
0x064DB4,in_range_0_6_check?,ghidra-hand
0x06518A,UDSModeFF,ghidra-hand
0x0652F0,getFaultStatus??,ghidra-hand
0x065336,getFaultEvalState,ghidra-hand
0x06670C,pack_for_OBD_response?,ghidra-hand
0x066A14,setupForUdsResponse?,ghidra-hand
0x066A74,udsServiceResponse,ghidra-hand
0x066AAA,unknownMode22Func,ghidra-hand
0x067588,udsRAMInit,ghidra-hand
0x067590,udsSomething?,ghidra-hand
0x06769C,udsHandler,ghidra-hand
0x06772E,udsResponseRelated2,ghidra-hand
0xFFFFFFFF,HUDI_excep,ghidra-hand
