kind,start,end,class,src,motivo
data,393216,524288,cal_table,"contiguous calibration/data band 0x60000-0x7FFFF (P4 declared table)"
data,524288,526708,cal_table,"extension/cfg words 0x80000-0x80970 (P4 declared table)"
data,70,72,literal_pool,"vector/pool data cluster (unref, referenced-by-declaration)"
data,698,700,literal_pool,"vector/pool data cluster (unref, referenced-by-declaration)"
data,1030,1032,literal_pool,"vector/pool data cluster (unref, referenced-by-declaration)"
data,1246,1248,literal_pool,"vector/pool data cluster (unref, referenced-by-declaration)"
data,4074,4088,literal_pool,"vector/pool data cluster (unref, referenced-by-declaration)"
data,8182,8192,literal_pool,"vector/pool data cluster (unref, referenced-by-declaration)"
data,13240,13244,literal_pool,"vector/pool data cluster (unref, referenced-by-declaration)"
data,15196,15198,literal_pool,"vector/pool data cluster (unref, referenced-by-declaration)"
data,15222,15224,literal_pool,"vector/pool data cluster (unref, referenced-by-declaration)"
data,15250,15256,literal_pool,"vector/pool data cluster (unref, referenced-by-declaration)"
data,15282,15284,literal_pool,"vector/pool data cluster (unref, referenced-by-declaration)"
data,15308,15310,literal_pool,"vector/pool data cluster (unref, referenced-by-declaration)"
data,15336,15348,literal_pool,"vector/pool data cluster (unref, referenced-by-declaration)"
data,15690,15692,literal_pool,"vector/pool data cluster (unref, referenced-by-declaration)"
data,17130,17132,literal_pool,"vector/pool data cluster (unref, referenced-by-declaration)"
data,17348,17350,literal_pool,"vector/pool data cluster (unref, referenced-by-declaration)"
data,17602,17608,literal_pool,"vector/pool data cluster (unref, referenced-by-declaration)"
data,18754,18838,literal_pool,"vector/pool data cluster (unref, referenced-by-declaration)"
data,18844,18854,literal_pool,"vector/pool data cluster (unref, referenced-by-declaration)"
data,18860,18870,literal_pool,"vector/pool data cluster (unref, referenced-by-declaration)"
data,18876,18886,literal_pool,"vector/pool data cluster (unref, referenced-by-declaration)"
data,18894,18902,literal_pool,"vector/pool data cluster (unref, referenced-by-declaration)"
data,18910,18918,literal_pool,"vector/pool data cluster (unref, referenced-by-declaration)"
data,18924,18934,literal_pool,"vector/pool data cluster (unref, referenced-by-declaration)"
data,18940,18950,literal_pool,"vector/pool data cluster (unref, referenced-by-declaration)"
data,18956,18966,literal_pool,"vector/pool data cluster (unref, referenced-by-declaration)"
data,18972,18982,literal_pool,"vector/pool data cluster (unref, referenced-by-declaration)"
data,18988,18998,literal_pool,"vector/pool data cluster (unref, referenced-by-declaration)"
data,19004,19014,literal_pool,"vector/pool data cluster (unref, referenced-by-declaration)"
data,19020,19030,literal_pool,"vector/pool data cluster (unref, referenced-by-declaration)"
data,19036,19046,literal_pool,"vector/pool data cluster (unref, referenced-by-declaration)"
data,19052,19062,literal_pool,"vector/pool data cluster (unref, referenced-by-declaration)"
data,19068,19078,literal_pool,"vector/pool data cluster (unref, referenced-by-declaration)"
data,19084,19094,literal_pool,"vector/pool data cluster (unref, referenced-by-declaration)"
data,19100,19110,literal_pool,"vector/pool data cluster (unref, referenced-by-declaration)"
data,19116,19126,literal_pool,"vector/pool data cluster (unref, referenced-by-declaration)"
data,19132,19146,literal_pool,"vector/pool data cluster (unref, referenced-by-declaration)"
data,19156,19158,literal_pool,"vector/pool data cluster (unref, referenced-by-declaration)"
data,19182,19208,literal_pool,"vector/pool data cluster (unref, referenced-by-declaration)"
data,19232,19252,literal_pool,"vector/pool data cluster (unref, referenced-by-declaration)"
data,19270,19274,literal_pool,"vector/pool data cluster (unref, referenced-by-declaration)"
data,55542,55544,literal_pool,"vector/pool data cluster (unref, referenced-by-declaration)"
data,55588,55590,literal_pool,"vector/pool data cluster (unref, referenced-by-declaration)"
data,55788,55794,literal_pool,"vector/pool data cluster (unref, referenced-by-declaration)"
data,310862,310864,literal_pool,"vector/pool data cluster (unref, referenced-by-declaration)"
data,310910,310912,literal_pool,"vector/pool data cluster (unref, referenced-by-declaration)"
data,321934,321936,literal_pool,"vector/pool data cluster (unref, referenced-by-declaration)"
data,382310,382312,literal_pool,"vector/pool data cluster (unref, referenced-by-declaration)"
data,382468,382474,literal_pool,"vector/pool data cluster (unref, referenced-by-declaration)"
data,383184,383186,literal_pool,"vector/pool data cluster (unref, referenced-by-declaration)"
data,383322,383324,literal_pool,"vector/pool data cluster (unref, referenced-by-declaration)"
data,383334,383336,literal_pool,"vector/pool data cluster (unref, referenced-by-declaration)"
data,383346,383348,literal_pool,"vector/pool data cluster (unref, referenced-by-declaration)"
data,383362,383364,literal_pool,"vector/pool data cluster (unref, referenced-by-declaration)"
data,383402,383408,literal_pool,"vector/pool data cluster (unref, referenced-by-declaration)"
data,383418,383420,literal_pool,"vector/pool data cluster (unref, referenced-by-declaration)"
data,383426,383432,literal_pool,"vector/pool data cluster (unref, referenced-by-declaration)"
data,383438,383444,literal_pool,"vector/pool data cluster (unref, referenced-by-declaration)"
data,383450,383456,literal_pool,"vector/pool data cluster (unref, referenced-by-declaration)"
data,383462,383468,literal_pool,"vector/pool data cluster (unref, referenced-by-declaration)"
data,383474,383480,literal_pool,"vector/pool data cluster (unref, referenced-by-declaration)"
data,383486,383492,literal_pool,"vector/pool data cluster (unref, referenced-by-declaration)"
data,383498,383500,literal_pool,"vector/pool data cluster (unref, referenced-by-declaration)"
data,383514,383516,literal_pool,"vector/pool data cluster (unref, referenced-by-declaration)"
data,383546,383552,literal_pool,"vector/pool data cluster (unref, referenced-by-declaration)"
data,383574,383576,literal_pool,"vector/pool data cluster (unref, referenced-by-declaration)"
data,383582,383588,literal_pool,"vector/pool data cluster (unref, referenced-by-declaration)"
data,383594,383600,literal_pool,"vector/pool data cluster (unref, referenced-by-declaration)"
data,383630,383636,literal_pool,"vector/pool data cluster (unref, referenced-by-declaration)"
data,383646,383648,literal_pool,"vector/pool data cluster (unref, referenced-by-declaration)"
data,383690,383696,literal_pool,"vector/pool data cluster (unref, referenced-by-declaration)"
data,383702,383708,literal_pool,"vector/pool data cluster (unref, referenced-by-declaration)"
data,383738,383744,literal_pool,"vector/pool data cluster (unref, referenced-by-declaration)"
data,383762,383768,literal_pool,"vector/pool data cluster (unref, referenced-by-declaration)"
data,383774,383780,literal_pool,"vector/pool data cluster (unref, referenced-by-declaration)"
data,383786,383792,literal_pool,"vector/pool data cluster (unref, referenced-by-declaration)"
data,383826,383828,literal_pool,"vector/pool data cluster (unref, referenced-by-declaration)"
data,383850,383852,literal_pool,"vector/pool data cluster (unref, referenced-by-declaration)"
data,383862,383864,literal_pool,"vector/pool data cluster (unref, referenced-by-declaration)"
data,383874,383876,literal_pool,"vector/pool data cluster (unref, referenced-by-declaration)"
data,383886,383888,literal_pool,"vector/pool data cluster (unref, referenced-by-declaration)"
data,383898,383900,literal_pool,"vector/pool data cluster (unref, referenced-by-declaration)"
data,383922,383924,literal_pool,"vector/pool data cluster (unref, referenced-by-declaration)"
data,383934,383936,literal_pool,"vector/pool data cluster (unref, referenced-by-declaration)"
data,383946,383948,literal_pool,"vector/pool data cluster (unref, referenced-by-declaration)"
data,383958,383960,literal_pool,"vector/pool data cluster (unref, referenced-by-declaration)"
data,383970,383972,literal_pool,"vector/pool data cluster (unref, referenced-by-declaration)"
data,383994,383996,literal_pool,"vector/pool data cluster (unref, referenced-by-declaration)"
data,384006,384008,literal_pool,"vector/pool data cluster (unref, referenced-by-declaration)"
data,384018,384020,literal_pool,"vector/pool data cluster (unref, referenced-by-declaration)"
data,384030,384032,literal_pool,"vector/pool data cluster (unref, referenced-by-declaration)"
data,384054,384056,literal_pool,"vector/pool data cluster (unref, referenced-by-declaration)"
data,384066,384068,literal_pool,"vector/pool data cluster (unref, referenced-by-declaration)"
data,384078,384080,literal_pool,"vector/pool data cluster (unref, referenced-by-declaration)"
data,384090,384092,literal_pool,"vector/pool data cluster (unref, referenced-by-declaration)"
data,384102,384104,literal_pool,"vector/pool data cluster (unref, referenced-by-declaration)"
data,384114,384116,literal_pool,"vector/pool data cluster (unref, referenced-by-declaration)"
data,384126,384128,literal_pool,"vector/pool data cluster (unref, referenced-by-declaration)"
data,384138,384140,literal_pool,"vector/pool data cluster (unref, referenced-by-declaration)"
data,384150,384152,literal_pool,"vector/pool data cluster (unref, referenced-by-declaration)"
data,384162,384164,literal_pool,"vector/pool data cluster (unref, referenced-by-declaration)"
data,384174,384176,literal_pool,"vector/pool data cluster (unref, referenced-by-declaration)"
data,384186,384188,literal_pool,"vector/pool data cluster (unref, referenced-by-declaration)"
data,384198,384200,literal_pool,"vector/pool data cluster (unref, referenced-by-declaration)"
data,384306,384308,literal_pool,"vector/pool data cluster (unref, referenced-by-declaration)"
data,384318,384320,literal_pool,"vector/pool data cluster (unref, referenced-by-declaration)"
data,384330,384332,literal_pool,"vector/pool data cluster (unref, referenced-by-declaration)"
data,384342,384344,literal_pool,"vector/pool data cluster (unref, referenced-by-declaration)"
data,384354,384356,literal_pool,"vector/pool data cluster (unref, referenced-by-declaration)"
data,384366,384368,literal_pool,"vector/pool data cluster (unref, referenced-by-declaration)"
data,384378,384380,literal_pool,"vector/pool data cluster (unref, referenced-by-declaration)"
data,384390,384392,literal_pool,"vector/pool data cluster (unref, referenced-by-declaration)"
data,384402,384404,literal_pool,"vector/pool data cluster (unref, referenced-by-declaration)"
data,384414,384416,literal_pool,"vector/pool data cluster (unref, referenced-by-declaration)"
data,384426,384428,literal_pool,"vector/pool data cluster (unref, referenced-by-declaration)"
data,384438,384440,literal_pool,"vector/pool data cluster (unref, referenced-by-declaration)"
data,384450,384452,literal_pool,"vector/pool data cluster (unref, referenced-by-declaration)"
data,384462,384464,literal_pool,"vector/pool data cluster (unref, referenced-by-declaration)"
data,384474,384476,literal_pool,"vector/pool data cluster (unref, referenced-by-declaration)"
data,384486,384488,literal_pool,"vector/pool data cluster (unref, referenced-by-declaration)"
data,384498,384500,literal_pool,"vector/pool data cluster (unref, referenced-by-declaration)"
data,384522,384524,literal_pool,"vector/pool data cluster (unref, referenced-by-declaration)"
data,384558,384560,literal_pool,"vector/pool data cluster (unref, referenced-by-declaration)"
data,384570,384572,literal_pool,"vector/pool data cluster (unref, referenced-by-declaration)"
data,384582,384584,literal_pool,"vector/pool data cluster (unref, referenced-by-declaration)"
data,384594,384596,literal_pool,"vector/pool data cluster (unref, referenced-by-declaration)"
data,384606,384608,literal_pool,"vector/pool data cluster (unref, referenced-by-declaration)"
data,384708,384710,literal_pool,"vector/pool data cluster (unref, referenced-by-declaration)"
data,384722,384754,literal_pool,"vector/pool data cluster (unref, referenced-by-declaration)"
data,384770,384772,literal_pool,"vector/pool data cluster (unref, referenced-by-declaration)"
data,384782,384790,literal_pool,"vector/pool data cluster (unref, referenced-by-declaration)"
data,384806,384808,literal_pool,"vector/pool data cluster (unref, referenced-by-declaration)"
data,384830,384832,literal_pool,"vector/pool data cluster (unref, referenced-by-declaration)"
data,384854,384856,literal_pool,"vector/pool data cluster (unref, referenced-by-declaration)"
data,384898,384906,literal_pool,"vector/pool data cluster (unref, referenced-by-declaration)"
data,385014,385016,literal_pool,"vector/pool data cluster (unref, referenced-by-declaration)"
data,385038,385040,literal_pool,"vector/pool data cluster (unref, referenced-by-declaration)"
data,385050,385052,literal_pool,"vector/pool data cluster (unref, referenced-by-declaration)"
data,385228,385230,literal_pool,"vector/pool data cluster (unref, referenced-by-declaration)"
data,393146,393148,literal_pool,"vector/pool data cluster (unref, referenced-by-declaration)"
data,526704,526706,literal_pool,"vector/pool data cluster (unref, referenced-by-declaration)"
trap,0x6A152,0x6A152,,0x0,FFFF filler slot (dispatch/unused handler vector, not missing code)
trap,0x6A25E,0x6A25E,,0x0,FFFF filler slot (dispatch/unused handler vector, not missing code)
trap,0x6A306,0x6A306,,0x0,FFFF filler slot (dispatch/unused handler vector, not missing code)
trap,0x6A366,0x6A366,,0x0,FFFF filler slot (dispatch/unused handler vector, not missing code)
trap,0x6A44A,0x6A44A,,0x0,FFFF filler slot (dispatch/unused handler vector, not missing code)
trap,0x6A612,0x6A612,,0x0,FFFF filler slot (dispatch/unused handler vector, not missing code)
trap,0x6A266,0x6A266,,0x0,FFFF filler slot (dispatch/unused handler vector, not missing code)
trap,0x6A61E,0x6A61E,,0x0,FFFF filler slot (dispatch/unused handler vector, not missing code)
trap,0x6A92E,0x6A92E,,0x0,FFFF filler slot (dispatch/unused handler vector, not missing code)
trap,0x6A9F2,0x6A9F2,,0x0,FFFF filler slot (dispatch/unused handler vector, not missing code)
trap,0x6AA46,0x6AA46,,0x0,FFFF filler slot (dispatch/unused handler vector, not missing code)
trap,0x6ACA2,0x6ACA2,,0x0,FFFF filler slot (dispatch/unused handler vector, not missing code)
trap,0x6ACEE,0x6ACEE,,0x0,FFFF filler slot (dispatch/unused handler vector, not missing code)
trap,0x6AD3A,0x6AD3A,,0x0,FFFF filler slot (dispatch/unused handler vector, not missing code)
